{
	"type": "object",
    "$schema": "http://json-schema.org/draft-04/schema",
    "title": "stock_calculator-schema",
    "description": "JSON Schema for stock_calculator",
		"properties": {
			"result": {
				"type": "object",
				"properties": {
							"InvestmentDate": 		{"type": "string"},
							"OriginalShares": 		{"type": "number"},
							"OriginalValue": 		{"type": "number"},
							"CurrentShares": 		{"type": "number"},
							"CurrentValue": 		{"type": "number"},
							"PercentReturn": 		{"type": "number"},
							"SplitAdjustmentFactor":{"type": "number"},
							"SplitRatio": 			{"type": "string"},
							"CurrentPrice": 		{"type": "number"},
							"Date": 				{"type": "string"},
							"DateMatch": 			{"type": "boolean"}
							},
							"additionalProperties": false,
							"required": [ 	"InvestmentDate",
											"OriginalShares",
											"OriginalValue",
											"CurrentShares",	
											"CurrentValue",
											"PercentReturn",
											"SplitAdjustmentFactor",
											"SplitRatio",
											"CurrentPrice",
											"Date",
											"DateMatch"]
            },
			"error": {
				"type": "null"	
				},
			"request": {
				"type": "object",
				"items":{
				"properties": {
								"accept": 		{"type": "string"},
								"clientID": 	{"type": "string"},
								"executionDate":{"type": "string"},
								"executionTimeMS": {"type": "integer"},
								"isIMSRequest": {"type": "boolean"},
								"queryString": 	{"type": "string"},
								"route": 		{"type": "string"},
								"session": 		{"type": "null"},
								"stage": 		{"type": "string"},
								"url": 			{"type": "string"},
								"ServedFromEnv":{"type": "string"},
								"version": 		{"type": "string"},
								"CacheBypassed":{"type": "boolean"},
								"CacheKey": 	{"type": "string"},
								"CacheHits": 	{"type": "array"}
							},
						"additionalProperties": false
						}
				
					}
			}
    }
