{
	"type": "object",
    "$schema": "http://json-schema.org/draft-04/schema",
    "title": "weekly_stock_lookup-schema",
    "description": "JSON Schema for Weekly Stock lookup",
		"properties": {
			"result": {
				"type": "object",
                "properties": {
								"HistoricalQuote":{
									"type": "array",
									"items" : {
									"properties": {
													"TradeDate": 			{"type": "string"},
													"Open": 				{"type": "number"},
													"Close": 				{"type": "number"},
													"High": 				{"type": "number"},
													"Low": 					{"type": "number"},
													"Volume": 				{"type": "number"},
													"SplitAdjustmentFactor":{"type": "number"},
													"SplitRatio": 			{"type": "string"}
													},
												"additionalProperties": false,
												"required": ["TradeDate",
															 "Open",	
															 "Close",
															 "High",
															 "Low",
															 "Volume",
															 "SplitAdjustmentFactor",
															 "SplitRatio"]
											}
										}
							},
							"additionalProperties": false,
							"required": ["HistoricalQuote"]
			},
			"error": {
				"type": "null"	
				},
			"request": {
				"type": "object",
				"items":{
				"properties": {
								"accept": 		{"type": "string"},
								"clientID": 	{"type": "string"},
								"executionDate":{"type": "string"},
								"executionTimeMS": {"type": "integer"},
								"isIMSRequest": {"type": "boolean"},
								"queryString": 	{"type": "string"},
								"route": 		{"type": "string"},
								"session": 		{"type": "null"},
								"stage": 		{"type": "string"},
								"url": 			{"type": "string"},
								"ServedFromEnv":{"type": "string"},
								"version": 		{"type": "string"},
								"CacheBypassed":{"type": "boolean"},
								"CacheKey": 	{"type": "string"},
								"CacheHits": 	{"type": "array"}
							},
						"additionalProperties": false
						}
				
					}
			}
    }
