{
	"type": "object",
    "$schema": "http://json-schema.org/draft-04/schema",
    "title": "yearEnd_stockLookup-schema",
    "description": "JSON Schema for YearEnd Stocklookup",
		"properties": {
			"result": {
				"type": "object",
                "properties": {
								"HistoricalQuote":{
											"type": "array",
											"items":{
											"properties": {
															"TradeDate": 	{"type": "string"},
															"Close": 		{"type": "number"}
														},
											"additionalProperties": false,
											"required": ["TradeDate", "Close"]
											}
									}
							},
							"additionalProperties": false,
							"required": ["HistoricalQuote"]
			},
			"error": {
				"type": "null"	
				},
			"request": {
				"type": "object",
				"items":{
				"properties": {
								"accept": 		{"type": "string"},
								"clientID": 	{"type": "string"},
								"executionDate":{"type": "string"},
								"executionTimeMS": {"type": "integer"},
								"isIMSRequest": {"type": "boolean"},
								"queryString": 	{"type": "string"},
								"route": 		{"type": "string"},
								"session": 		{"type": "null"},
								"stage": 		{"type": "string"},
								"url": 			{"type": "string"},
								"ServedFromEnv":{"type": "string"},
								"version": 		{"type": "string"},
								"CacheBypassed":{"type": "boolean"},
								"CacheKey": 	{"type": "string"},
								"CacheHits": 	{"type": "array"}
							},
						"additionalProperties": false
						}
				
					}
			}
    }
