{
"type": "object",
"$schema": "http://json-schema.org/draft-04/schema",
"title": "post_email_blast-schema",
"description": "JSON Schema for Email blast",
	"properties": {
	"result": {
		"type": "object",
			   "properties": {
					"AlertId": {"type":"integer"},
					"Alert": {
					"type": "object",
							"properties": {
								"ListId": 		{"type":"integer"},
								"LangShortName":{"type":"string"},
								"From": 		{"type":"string"},
								"Subject": 		{"type":"string"},
								"Body": 		{"type":"string"},
								"BodyText": 	{"type":"string"},
								"SendWhen": 	{"type":"string"}
							},
							"additionalProperties": false,
							"required": [ "ListId", "LangShortName", "From", "Subject", "Body","BodyText", "SendWhen" ]
					}
				},
				"additionalProperties": false,
				"required": [ "AlertId", "Alert"]
				},

	"error": {
		"type": "null"	
	},
	"request": {
	"type": "object",
		"items":{
		"properties": {
						"accept": 		{"type": "string"},
						"clientID": 	{"type": "string"},
						"executionDate":{"type": "string"},
						"executionTimeMS": {"type": "integer"},
						"isIMSRequest": {"type": "boolean"},
						"queryString": 	{"type": "string"},
						"route": 		{"type": "string"},
						"session": 		{"type": "null"},
						"stage": 		{"type": "string"},
						"url": 			{"type": "string"},
						"ServedFromEnv":{"type": "string"},
						"version": 		{"type": "string"},
						"CacheBypassed":{"type": "boolean"},
						"CacheKey": 	{"type": "string"},
						"CacheHits": 	{"type": "array"}
					},
				"additionalProperties": false
				}
		
	}
	}
}