{
	"type": "object",
    "$schema": "http://json-schema.org/draft-04/schema",
    "title": "fundamentals-QuarterlySegments-schema",
    "description": "JSON Schema for fundamentals-QuaterlySegments",
		"properties": {
			"result": {
				"type": "object",
                "properties": {
						"StandardizedFinancials": {
							"type": "object",
							"properties": {
									"CoIDs":{
										"type": "object",
										"properties": {
												"CoID": {
													"type": "array",
													"items": {
														"properties": {
																"@Type":	{"type": "string"},
																"#text": 	{"type": "string"}
															},
														"additionalProperties": false,
														"required": ["@Type", "#text" ]
													}
												}
											},
										"additionalProperties": false,
										"required": ["CoID" ]	
										},
									"Issues": {
										"type": "object",
										"properties": {
												"Issue": {
													"type": "object",
													"properties": {
															"@ID": 		{"type": "string"},
															"@Type": 	{"type": "string"},
															"@Desc": 	{"type": "string"},
															"@Order": 	{"type": "string"},
															"IssueID": {
																"type": "array",
																"items": {
																	"properties": {
																			"@Type":	{"type": "string"},
																			"#text": 	{"type": "string"}
																		},
																	"additionalProperties": false,
																	"required": ["@Type", "#text" ]
																	}
																},	
															"Exchange": {
																"type": "object",
																"properties": {
																		"@Code": 	{"type": "string"},
																		"@Country": {"type": "string"},
																		"#text": 	{"type": "string"}
																	},
																"additionalProperties": false,
																"required": ["@Code", "@Country", "#text" ]
																},
															"MostRecentSplit": {
																"type": "object",
																"properties": {
																		"@Date": 	{"type": "string"}
																	},
																"additionalProperties": false,
																"required": ["@Date" ]
																}
														},
													"additionalProperties": false,
													"required": ["@ID", "@Type", "@Desc", "@Order", "IssueID", "Exchange", "MostRecentSplit" ]	
												}
											},
										"additionalProperties": false,
										"required": ["Issue" ]
										},
									"CoGeneralInfo": {
										"type": "object",
										"properties": {
												"CoStatus": {
													"type": "object",
													"properties": {
															"@Code": {"type": "string"},
															"#text": {"type": "string"}
														},
													"additionalProperties": false,
													"required": ["@Code", "#text" ]
													},
												"CoType": {
													"type": "object",
													"properties": {
															"@Code": {"type": "string"}
														},
													"additionalProperties": false,
													"required": ["@Code" ]
													},
												"LastModified": 			{"type": "string"},
												"LatestAvailableAnnual":	{"type": "string"},
												"LatestAvailableInterim":	{"type": "string"},
												"ReportingCurrency": {
													"type": "object",
													"properties": {
															"@Code": {"type": "string"},
															"#text": {"type": "string"}
														},
													"additionalProperties": false,
													"required": ["@Code", "#text" ]
													},
												"MostRecentExchange": {
													"type": "object",
													"properties": {
															"@Date": {"type": "string"},
															"#text": {"type": "string"}
														},
													"additionalProperties": false,
													"required": ["@Date", "#text" ]
													}
											},
										"additionalProperties": false,
										"required": ["CoStatus", "CoType", "LastModified", "LatestAvailableAnnual", 
													"LatestAvailableInterim", "ReportingCurrency", "MostRecentExchange" ]
										},
									"StatementInfo": {
										"type": "object",
										"properties": {
												"COAType": {
													"type": "object",
													"properties": {
															"@Code": {"type": "string"},
															"#text": {"type": "string"}
														},
													"additionalProperties": false,
													"required": ["@Code", "#text" ]
													},
												"BalanceSheetDisplay": {
													"type": "object",
													"properties": {
															"@Code": {"type": "string"},
															"#text": {"type": "string"}
														},
													"additionalProperties": false,
													"required": ["@Code", "#text" ]
													},
												"CashFlowMethod": {
													"type": "object",
													"properties": {
															"@Code": {"type": "string"},
															"#text": {"type": "string"}
														},
													"additionalProperties": false,
													"required": ["@Code", "#text" ]
													}
											},
										"additionalProperties": false,
										"required": ["COAType", "BalanceSheetDisplay", "CashFlowMethod" ]
										},
									"Notes": {
										"type": "object",
										"properties": {
												"CFAAvailability": { 
														"type": "object", 
														"properties": { 
																"@Code": {"type": "string"}
																},
														"additionalProperties": false, "required": ["@Code" ]		
													},
												"IAvailability": { 
														"type": "object", 
														"properties": { 
																"@Code": {"type": "string"}
																},
														"additionalProperties": false, "required": ["@Code" ]
													},
												"BSIAvailability": { 
														"type": "object", 
														"properties": { 
																"@Code": {"type": "string"}
																},
														"additionalProperties": false, "required": ["@Code" ]
													},
												"CFIAvailability": { 
														"type": "object", 
														"properties": { 
																"@Code": {"type": "string"}
																},
														"additionalProperties": false, "required": ["@Code" ]
													}
											},
										"additionalProperties": false, 
										"required": ["CFAAvailability", "IAvailability", "BSIAvailability", "CFIAvailability" ]
										},
									"FiscalPeriodMap": {
										"type": "object",
										"properties": {
												"Type": {"type": "string"},
												"FiscalPeriod": {
													"type": "array",
													"items": {
														"properties": {
																"Type": 				{"type": "string"},
																"PeriodEndDate": 		{"type": "string"},
																"FiscalYear": 			{"type": "string"},
																"FiscalPeriodNumber": 	{"type": "string"},
																"PeriodLength": 		{"type": "string"},
																"UpdateType": { 
																		"type": "object", 
																		"properties": { 
																				"Code": {"type": "string"},
																				"Value":{"type": "string"}
																			},
																		"additionalProperties": false, 
																		"required": ["Code", "Value" ]
																	},
																"UpdatedOn":			{"type": "string"},
																"Source":  { 
																		"type": "object", 
																		"properties": { 
																				"Date": {"type": "string"},
																				"Value":{"type": "string"}
																			},
																		"additionalProperties": false, 
																		"required": ["Date", "Value" ]
																	}
															},
														"additionalProperties": false, 
														"required": ["Type", "PeriodEndDate", "FiscalYear", "FiscalPeriodNumber", 
																	 "PeriodLength", "UpdateType", "UpdatedOn", "Source" ]
														}
													}
											},
										"additionalProperties": false, 
										"required": ["Type", "FiscalPeriod" ]
										},
									"LineItem": {
										"type": "array",
										"items": {
											"properties": {
													    "Name": 		{"type": "string"},
														"Code": 		{"type": "string"},
														"LineId": 		{"type": "string"},
														"DetailLevel": 	{"type": "string"},
														"Display": 		{"type": "string"},
														"P1":{ 
															"type": "object", 
															"properties": { 
																	"Date": {"type": "string"},
																	"Value":{"type": "string"}
																},
															"additionalProperties": false, 
															"required": ["Date", "Value" ]
															},
														"P2":{ 
															"type": "object", 
															"properties": { 
																	"Date": {"type": "string"},
																	"Value":{"type": "string"}
																},
															"additionalProperties": false, 
															"required": ["Date", "Value" ]
															},
														"P3":{ 
															"type": "object", 
															"properties": { 
																	"Date": {"type": "string"},
																	"Value":{"type": "string"}
																},
															"additionalProperties": false, 
															"required": ["Date", "Value" ]
															},
														"P4":{ 
															"type": "object", 
															"properties": { 
																	"Date": {"type": "string"},
																	"Value":{"type": "string"}
																},
															"additionalProperties": false, 
															"required": ["Date", "Value" ]
															},
														"P5":{ 
															"type": "object", 
															"properties": { 
																	"Date": {"type": "string"},
																	"Value":{"type": "string"}
																},
															"additionalProperties": false, 
															"required": ["Date", "Value" ]
															},
														"P6":{ 
															"type": "object", 
															"properties": { 
																	"Date": {"type": "string"},
																	"Value":{"type": "string"}
																},
															"additionalProperties": false, 
															"required": ["Date", "Value" ]
															},
														"P7":{ 
															"type": "object", 
															"properties": { 
																	"Date": {"type": "string"},
																	"Value":{"type": "string"}
																},
															"additionalProperties": false, 
															"required": ["Date", "Value" ]
															},
														"P8":{ 
															"type": "object", 
															"properties": { 
																	"Date": {"type": "string"},
																	"Value":{"type": "string"}
																},
															"additionalProperties": false, 
															"required": ["Date", "Value" ]
															},
														"P9":{ 
															"type": "object", 
															"properties": { 
																	"Date": {"type": "string"},
																	"Value":{"type": "string"}
																},
															"additionalProperties": false, 
															"required": ["Date", "Value" ]
															},
														"P10":{ 
															"type": "object", 
															"properties": { 
																	"Date": {"type": "string"},
																	"Value":{"type": "string"}
																},
															"additionalProperties": false, 
															"required": ["Date", "Value" ]
															},
														"P11":{ 
															"type": "object", 
															"properties": { 
																	"Date": {"type": "string"},
																	"Value":{"type": "string"}
																},
															"additionalProperties": false, 
															"required": ["Date", "Value" ]
															},
														"P12":{ 
															"type": "object", 
															"properties": { 
																	"Date": {"type": "string"},
																	"Value":{"type": "string"}
																},
															"additionalProperties": false, 
															"required": ["Date", "Value" ]
															},
														"P13":{ 
															"type": "object", 
															"properties": { 
																	"Date": {"type": "string"},
																	"Value":{"type": "string"}
																},
															"additionalProperties": false, 
															"required": ["Date", "Value" ]
															},
														"P14":{ 
															"type": "object", 
															"properties": { 
																	"Date": {"type": "string"},
																	"Value":{"type": "string"}
																},
															"additionalProperties": false, 
															"required": ["Date", "Value" ]
															},
														"P15":{ 
															"type": "object", 
															"properties": { 
																	"Date": {"type": "string"},
																	"Value":{"type": "string"}
																},
															"additionalProperties": false, 
															"required": ["Date", "Value" ]
															},
														"P16":{ 
															"type": "object", 
															"properties": { 
																	"Date": {"type": "string"},
																	"Value":{"type": "string"}
																},
															"additionalProperties": false, 
															"required": ["Date", "Value" ]
															},
														"P17":{ 
															"type": "object", 
															"properties": { 
																	"Date": {"type": "string"},
																	"Value":{"type": "string"}
																},
															"additionalProperties": false, 
															"required": ["Date", "Value" ]
															},
														"P18":{ 
															"type": "object", 
															"properties": { 
																	"Date": {"type": "string"},
																	"Value":{"type": "string"}
																},
															"additionalProperties": false, 
															"required": ["Date", "Value" ]
															},
														"P19":{ 
															"type": "object", 
															"properties": { 
																	"Date": {"type": "string"},
																	"Value":{"type": "string"}
																},
															"additionalProperties": false, 
															"required": ["Date", "Value" ]
															},
														"P20":{ 
															"type": "object", 
															"properties": { 
																	"Date": {"type": "string"},
																	"Value":{"type": "string"}
																},
															"additionalProperties": false, 
															"required": ["Date", "Value" ]
															},
														"P21":{ 
															"type": "object", 
															"properties": { 
																	"Date": {"type": "string"},
																	"Value":{"type": "string"}
																},
															"additionalProperties": false, 
															"required": ["Date", "Value" ]
															},
														"P22":{ 
															"type": "object", 
															"properties": { 
																	"Date": {"type": "string"},
																	"Value":{"type": "string"}
																},
															"additionalProperties": false, 
															"required": ["Date", "Value" ]
															},
														"P23":{ 
															"type": "object", 
															"properties": { 
																	"Date": {"type": "string"},
																	"Value":{"type": "string"}
																},
															"additionalProperties": false, 
															"required": ["Date", "Value" ]
															},
														"P24":{ 
															"type": "object", 
															"properties": { 
																	"Date": {"type": "string"},
																	"Value":{"type": "string"}
																},
															"additionalProperties": false, 
															"required": ["Date", "Value" ]
															},
														"P25":{ 
															"type": "object", 
															"properties": { 
																	"Date": {"type": "string"},
																	"Value":{"type": "string"}
																},
															"additionalProperties": false, 
															"required": ["Date", "Value" ]
															},
														"P26":{ 
															"type": "object", 
															"properties": { 
																	"Date": {"type": "string"},
																	"Value":{"type": "string"}
																},
															"additionalProperties": false, 
															"required": ["Date", "Value" ]
															},
														"P27":{ 
															"type": "object", 
															"properties": { 
																	"Date": {"type": "string"},
																	"Value":{"type": "string"}
																},
															"additionalProperties": false, 
															"required": ["Date", "Value" ]
															},
														"P28":{ 
															"type": "object", 
															"properties": { 
																	"Date": {"type": "string"},
																	"Value":{"type": "string"}
																},
															"additionalProperties": false, 
															"required": ["Date", "Value" ]
															},
														"P29":{ 
															"type": "object", 
															"properties": { 
																	"Date": {"type": "string"},
																	"Value":{"type": "string"}
																},
															"additionalProperties": false, 
															"required": ["Date", "Value" ]
															},
														"P30":{ 
															"type": "object", 
															"properties": { 
																	"Date": {"type": "string"},
																	"Value":{"type": "string"}
																},
															"additionalProperties": false, 
															"required": ["Date", "Value" ]
															},
														"P31":{ 
															"type": "object", 
															"properties": { 
																	"Date": {"type": "string"},
																	"Value":{"type": "string"}
																},
															"additionalProperties": false, 
															"required": ["Date", "Value" ]
															},
														"P32":{ 
															"type": "object", 
															"properties": { 
																	"Date": {"type": "string"},
																	"Value":{"type": "string"}
																},
															"additionalProperties": false, 
															"required": ["Date", "Value" ]
															},
														"P33":{ 
															"type": "object", 
															"properties": { 
																	"Date": {"type": "string"},
																	"Value":{"type": "string"}
																},
															"additionalProperties": false, 
															"required": ["Date", "Value" ]
															},
														"P34":{ 
															"type": "object", 
															"properties": { 
																	"Date": {"type": "string"},
																	"Value":{"type": "string"}
																},
															"additionalProperties": false, 
															"required": ["Date", "Value" ]
															},
														"P35":{ 
															"type": "object", 
															"properties": { 
																	"Date": {"type": "string"},
																	"Value":{"type": "string"}
																},
															"additionalProperties": false, 
															"required": ["Date", "Value" ]
															},
														"P36":{ 
															"type": "object", 
															"properties": { 
																	"Date": {"type": "string"},
																	"Value":{"type": "string"}
																},
															"additionalProperties": false, 
															"required": ["Date", "Value" ]
															},
														"P37":{ 
															"type": "object", 
															"properties": { 
																	"Date": {"type": "string"},
																	"Value":{"type": "string"}
																},
															"additionalProperties": false, 
															"required": ["Date", "Value" ]
															},
														"P38":{ 
															"type": "object", 
															"properties": { 
																	"Date": {"type": "string"},
																	"Value":{"type": "string"}
																},
															"additionalProperties": false, 
															"required": ["Date", "Value" ]
															},
														"P39":{ 
															"type": "object", 
															"properties": { 
																	"Date": {"type": "string"},
																	"Value":{"type": "string"}
																},
															"additionalProperties": false, 
															"required": ["Date", "Value" ]
															},
														"P40":{ 
															"type": "object", 
															"properties": { 
																	"Date": {"type": "string"},
																	"Value":{"type": "string"}
																},
															"additionalProperties": false, 
															"required": ["Date", "Value" ]
															}
												},
											"additionalProperties": false, 
											"required": ["Name", "Code", "LineId", "DetailLevel", "Display",
														 "P1", "P2", "P3", "P4", "P5", "P6", "P7", "P8", 
														 "P9", "P10" ]
											}
										}
								},
								"additionalProperties": false,
								"required": ["CoIDs", "Issues", "CoGeneralInfo", "StatementInfo", 
											 "Notes", "FiscalPeriodMap", "LineItem" ]
							}	
					},
					"additionalProperties": false,
					"required": ["StandardizedFinancials"]
            },
			"error": {
            "type": "null"	
				},
			"request": {
				"type": "object",
				"items": {
                "properties": {
                    "accept": { "type": "string" },
                    "clientID": { "type": "string" },
                    "executionDate": { "type": "string" },
                    "executionTimeMS": { "type": "integer" },
                    "isIMSRequest": { "type": "boolean" },
                    "queryString": { "type": "string" },
                    "route": { "type": "string" },
                    "session": { "type": "null" },
                    "stage": { "type": "string" },
                    "url": { "type": "string" },
                    "ServedFromEnv": { "type": "string" },
                    "version": { "type": "string" },
                    "CacheBypassed": { "type": "boolean" },
                    "CacheKey": { "type": "string" },
                    "CacheHits": { "type": "array" }
					},
                "additionalProperties": false,
                "required": [
                    "accept",
                    "clientID",
                    "executionDate",
                    "executionTimeMS",
                    "isIMSRequest",
                    "queryString",
                    "route",
                    "session",
                    "stage",
                    "url",
                    "ServedFromEnv",
                    "version",
                    "CacheBypassed",
                    "CacheKey",
                    "CacheHits"
					]
				}
			}
		}
    }
