{
	"type": "object",
    "$schema": "http://json-schema.org/draft-04/schema",
    "title": "fundamentals-TradingStatistics-schema",
    "description": "JSON Schema for fundamentals-TradingStatistics",
		"properties": {
			"result": {
				"type": "object",
                "properties": {
						"TradingStatisticsIRXML": {
							"type": "object",
							"properties": {
									"CoIDs":{
										"type": "object",
										"properties": {
												"CoID": {
													"type": "array",
													"items": {
														"properties": {
																"@Type":	{"type": "string"},
																"#text": 	{"type": "string"}
															},
														"additionalProperties": false,
														"required": ["@Type", "#text" ]
													}
												}
											},
										"additionalProperties": false,
										"required": ["CoID" ]	
										},
									"Issues": {
										"type": "object",
										"properties": {
												"Issue": {
													"type": ["object", "array"],
													"properties": {
															"@ID": 		{"type": "string"},
															"@Type": 	{"type": "string"},
															"@Desc": 	{"type": "string"},
															"@Order": 	{"type": "string"},
															"IssueID": {
																"type": "array",
																"items": {
																	"properties": {
																			"@Type":	{"type": "string"},
																			"#text": 	{"type": "string"}
																		},
																	"additionalProperties": false,
																	"required": ["@Type", "#text" ]
																	}
																},	
															"Exchange": {
																"type": "object",
																"properties": {
																		"@Code": 	{"type": "string"},
																		"@Country": {"type": "string"},
																		"#text": 	{"type": "string"}
																	},
																"additionalProperties": false,
																"required": ["@Code", "@Country", "#text" ]
																},
															"MostRecentSplit": {
																"type": "object",
																"properties": {
																		"@Date": 	{"type": "string"}
																	},
																"additionalProperties": false,
																"required": ["@Date" ]
																}
														},
													"additionalProperties": false,
													"required": ["@ID", "@Type", "@Desc", "@Order", "IssueID", "Exchange", "MostRecentSplit" ]	
												}
											},
										"additionalProperties": false,
										"required": ["Issue" ]
										},
									"CoGeneralInfo": {
										"type": "object",
										"properties": {
												"CoStatus": {
													"type": "object",
													"properties": {
															"@Code": {"type": "string"},
															"#text": {"type": "string"}
														},
													"additionalProperties": false,
													"required": ["@Code", "#text" ]
													},
												"CoType": {
													"type": "object",
													"properties": {
															"@Code": {"type": "string"},
															"#text": {"type": "string"}
														},
													"additionalProperties": false,
													"required": ["@Code", "#text" ]
													},
												"LastModified": 			{"type": "string"},
												"LatestAvailableAnnual":	{"type": "string"},
												"LatestAvailableInterim":	{"type": "string"},
												"Employees": {
													"type": "object",
													"properties": {
															"@LastUpdated": {"type": "string"},
															"#text": {"type": "string"}
														},
													"additionalProperties": false,
													"required": ["@LastUpdated", "#text" ]
													},
												"SharesOut": {
													"type": "object",
													"properties": {
															"@Date": {"type": "string"},
															"#text": {"type": "string"}
														},
													"additionalProperties": false,
													"required": ["@Date", "#text" ]
													},
												"CommonShareholders": {
													"type": "object",
													"properties": {
															"@Date": {"type": "string"},
															"#text": {"type": "string"}
														},
													"additionalProperties": false,
													"required": ["@Date", "#text" ]
													},
												"ReportingCurrency": {
													"type": "object",
													"properties": {
															"@Code": {"type": "string"},
															"#text": {"type": "string"}
														},
													"additionalProperties": false,
													"required": ["@Code", "#text" ]
													},
												"MostRecentExchange": {
													"type": "object",
													"properties": {
															"@Date": {"type": "string"},
															"#text": {"type": "string"}
														},
													"additionalProperties": false,
													"required": ["@Date", "#text" ]
													}
											},
										"additionalProperties": false,
										"required": ["CoStatus", "CoType", "LastModified", "LatestAvailableAnnual", 
													"LatestAvailableInterim", "Employees", "SharesOut", "CommonShareholders", 
													"ReportingCurrency", "MostRecentExchange" ]
										},	
									"TradingStatistics": {
										"type": "object",
										"properties": {
												"PriceAndVolume": {
													"type": ["array", "object"],
													"items": {
														"properties": {
																"description": 		{"type": "string"},
																"id": 				{"type": "string"},
																"format": 			{"type": "string"},
																"value": 			{"type": ["null", "string"]}
															},
														"additionalProperties": false, 
														"required": ["description", "id", "format", "value"]
														}
													},
												"ShareRelated": {
													"type": ["array", "object"],
													"items": {
														"properties": {
																"description": 		{"type": "string"},
																"id": 				{"type": "string"},
																"format": 			{"type": "string"},
																"value": 			{"type": "string"}
															},
														"additionalProperties": false, 
														"required": ["description", "id", "format", "value"]
														}
													},
												"ShortInterest": {
													"type": ["array", "object"],
													"items": {
														"properties": {
																"description": 		{"type": "string"},
																"id": 				{"type": "string"},
																"format": 			{"type": "string"},
																"value": 			{"type": "string"}
															},
														"additionalProperties": false, 
														"required": ["description", "id", "format", "value"]
														}
													},
												"InsiderTransactions": {
													"type": ["array", "object"],
													"items": {
														"properties": {
																"description": 		{"type": "string"},
																"id": 				{"type": "string"},
																"format": 			{"type": "string"},
																"value": 			{"type": "string"}
															},
														"additionalProperties": false, 
														"required": ["description", "id", "format", "value"]
														}
													},
												"InstitutionalHoldings": {
													"type": ["array", "object"],
													"items": {
														"properties": {
																"description": 		{"type": "string"},
																"id": 				{"type": "string"},
																"format": 			{"type": "string"},
																"value": 			{"type": "string"}
															},
														"additionalProperties": false, 
														"required": ["description", "id", "format", "value"]
														}
													}
											},
										"additionalProperties": false, 
										"required": ["PriceAndVolume", "ShareRelated", "ShortInterest", 
													"InsiderTransactions", "InstitutionalHoldings"]
										}
								},
								"additionalProperties": false,
								"required": ["CoIDs", "Issues", "CoGeneralInfo", "TradingStatistics"]
							}	
					},
					"additionalProperties": false,
					"required": ["TradingStatisticsIRXML"]
            },
			"error": {
            "type": "null"	
				},
			"request": {
				"type": "object",
				"items": {
                "properties": {
                    "accept": { "type": "string" },
                    "clientID": { "type": "string" },
                    "executionDate": { "type": "string" },
                    "executionTimeMS": { "type": "integer" },
                    "isIMSRequest": { "type": "boolean" },
                    "queryString": { "type": "string" },
                    "route": { "type": "string" },
                    "session": { "type": "null" },
                    "stage": { "type": "string" },
                    "url": { "type": "string" },
                    "ServedFromEnv": { "type": "string" },
                    "version": { "type": "string" },
                    "CacheBypassed": { "type": "boolean" },
                    "CacheKey": { "type": "string" },
                    "CacheHits": { "type": "array" }
					},
                "additionalProperties": false,
                "required": [
                    "accept",
                    "clientID",
                    "executionDate",
                    "executionTimeMS",
                    "isIMSRequest",
                    "queryString",
                    "route",
                    "session",
                    "stage",
                    "url",
                    "ServedFromEnv",
                    "version",
                    "CacheBypassed",
                    "CacheKey",
                    "CacheHits"
					]
				}
			}
		},
		"additionalProperties": false,
        "required": ["result", "error", "request"]
    }
