{
"type": "object",
"$schema": "http://json-schema.org/draft-04/schema",
"title": "/IRAPI endpoint",
"description": "JSON Schema for /irapi endpoint",
	"properties": {
			"result": {
					"type": "object",
						"properties": {
							"ScheduledContent": {
								"type": "array",
									"items": {
										"properties": {
										"Title": {"type": "string"},
										"ContentType": {"type": "string"},
										"ContentTypeName": {"type": "string"},
										"PublishedStatus": {"type": "boolean"},
										"PublishOn": {"type": "string"},
										"LastUpdated": {"type": "string"},
										"ContentURL": {"type": "string"}
									},
									"additionalProperties": false,
									"required": ["Title", "ContentType", "ContentTypeName", "PublishedStatus", "PublishOn", "LastUpdated", "ContentURL"]
								}
							},
							"ContentForReview": {
								"type": "array",
									"items": {
										"properties": {
											"Title": {"type": "string"},
											"ContentType": {"type": "string"},
											"ContentTypeName": {"type": "string"},
											"PublishedStatus": {"type": "boolean"},
											"Approvers": {
												"type": ["array","null"],
													"items": {
													"properties": {
													
													}
												}
											},
											"LastUpdated": {"type": "string"},
											"ContentURL": {"type": "string"}
												},
									"additionalProperties": false,
									"required": ["Title", "ContentType", "ContentTypeName", "PublishedStatus", "Approvers", "LastUpdated", "ContentURL"]
								}
				}
		},
		"additionalProperties": false,
		"required": ["ScheduledContent", "ContentForReview"]
		},
	"error": {
					"type": "null"     
	},
	"request": {
					"type": "object",
					"items":{
						"properties": {
							"accept": {"type": "string"},
							"clientID":{"type": "string"},
							"executionDate":{"type": "string"},
							"executionTimeMS": {"type": "integer"},
							"isIMSRequest": {"type": "boolean"},
							"queryString": {"type": "string"},
							"route": {"type": "string"},
							"session": {"type": "null"},
							"stage": {"type": "string"},
							"url": {"type": "string"},
							"ServedFromEnv":{"type": "string"},
							"version": {"type": "string"},
							"CacheBypassed":{"type": "boolean"},
							"CacheKey": {"type": "string"},
							"CacheHits": {"type": "array"}
						},
							"additionalProperties": false
						}
					
					}
	},
	"additionalProperties": false,
	"required": [ "result", "error", "request" ]
}