{
	"type": "object",
    "$schema": "http://json-schema.org/draft-04/schema",
    "title": "irapi-events-schema",
    "description": "JSON Schema for IRAPI Events",
		"properties": {
			"data": {
				"type": "array",
				"items":{
					"properties": {
							"id": 		{"type": "integer"},
							"title": 	{"type": ["string", "null"]},
							"type":		{
								"type": "object",
								"properties":{
										"title": {"type": "string"},
										"id":	 {"type": "number"}
								},
								"additionalProperties": false,
								"required": ["title", "id"]
							},
							"categories":{
								"type": "array",
								"items":{
									"properties":{
											"title": {"type": "string"},
											"id":	 {"type": "number"}
									},
									"additionalProperties": false,
									"required": ["title", "id"]
								}
							},
							"startDate":{
								"type": "object",
								"properties":{
										"DateUTC":	{"type": "string"},
										"Date":		{"type": "string"},
										"Timezone":{
											"type":	"object",
											"properties":{
													"Name":		{"type": "string"},
													"Code":		{"type": "string"}
											},
											"additionalProperties": false,
											"required": ["Name", "Code"]
										}
								},
								"additionalProperties": false,
								"required": ["DateUTC", "Date", "Timezone"]
							},
							"endDate":{
								"type": "object",
								"properties":{
										"DateUTC":	{"type": "string"},
										"Date":		{"type": "string"},
										"Timezone":{
											"type":	"object",
											"properties":{
													"Name":		{"type": "string"},
													"Code":		{"type": "string"}
											},
											"additionalProperties": false,
											"required": ["Name", "Code"]
										}
								},
								"additionalProperties": false,
								"required": ["DateUTC", "Date", "Timezone"]
							},
							"estimated":	{"type": "boolean"},
							"summary":		{"type": "string"},
							"webCast":{
								"type":	"object",
								"properties":{
										"linkText":		{"type": "string"},
										"linkUrl":		{"type": "string"}
								},
								"additionalProperties": false,
								"required": ["linkText", "linkUrl"]
							},
							"speakers":{
								"type": ["array"],
								"items":{
									"properties":{
											"id":		{"type": "integer"},
											"name":		{"type": "string"},
											"company":	{"type": "string"},
											"title":	{"type": "string"},
											"type":		{"type": "string"},
											"url":		{"type": "string"}
									},
									"additionalProperties": false,
									"required": ["id", "name", "company", "title", "type", "url"]
								}
							},
							"location":{
								"type": "object",
								"properties":{
										"langcode": 			{"type": "string"},
										"countryCode":			{"type": "string"},
										"administrativeArea": 	{"type": "string"},
										"locality": 			{"type": "string"},
										"dependentLocality": 	{"type": "string"},
										"postalCode": 			{"type": "string"},
										"sortingCode": 			{"type": "string"},
										"addressLine1": 		{"type": "string"},
										"addressLine2": 		{"type": "string"},
										"organization":			{"type": "string"},
										"recipient": 			{"type": "string"}
								
								},
								"additionalProperties":	false,
								"required":	["langcode", "countryCode", "administrativeArea", "locality",
											"dependentLocality", "postalCode", "sortingCode", "addressLine1", "addressLine2",
											"organization", "recipient"]
							},
							"supportingMaterials":{
								"type":		["array"],
								"items":	{
									"properties":	{
											"source":	{"type": "string"},
											"url":		{"type": "string"},
											"title":	{"type": "string"}
									},
									"additionalProperties": false,
									"required": ["source", "url", "title"]
								}
							}
						},
						"additionalProperties": false,
						"required": ["id", "title", "type", "categories", 
									"startDate","endDate", "estimated",
									"summary", "webCast", "speakers",
									"location", "supportingMaterials"]
						}
				},
			"meta": {
					"type": "object",
					"properties":{
						"executionDate": 	{"type": "string"},
						"executionTimeMS":	{"type": "number"}
					},
					"additionalProperties": false,
					"required": ["executionDate", "executionTimeMS"]
				},
			"links": {
				"type": "object",
                "properties": {
						"self": 	{"type": "string"}
				},
				"additionalProperties": false,
				"required": ["self"]
				},
			"error": {
				"type": "null"	
				}
		},
		"additionalProperties": false,
		"required": ["data", "meta", "links" ]
	}
