	{
	"type": "object",
    "$schema": "http://json-schema.org/draft-04/schema",
    "title": "irapi-assets-detail-schema",
    "description": "JSON Schema for IRAPI Assets detail",
		"properties": {
			"data": {
				"type": "object",
				"properties": {
							"id": 			{"type": "integer"},
							"title": 		{"type": "string"},
							"date": 		{"type": "string"},
							"quarter": 		{"type": ["string", "null"]},
							"fiscalYear": 	{"type": ["string", "null"]},
							"type":	{
								"type": ["object", "null"],
								"properties":	{
										"title":	{"type": "string"},
										"id":		{"type": "number"}
								
								},
								"additionalProperties":	false,
								"required":	["title", "id"]
							},
							"categories":	{
								"type":	["array", "object"],
								"items":	{
									"properties":	{
											"title":	{"type": "string"},
											"id":		{"type": "number"}
									},
									"additionalProperties":	false,
									"required":	["title", "id"]
								}
							},
							"documents": 		{
								"type": ["array", "object"],
								"items":{
								"properties": {
										"id": 			{"type": "number", "null"},
										"source": 		{"type": "string"},
										"url": 			{"type": "string"},
										"title": 		{"type": "string"}
										},
								"additionalProperties": false,
								"required": ["url", "title", "id", "source"]
								}
							},
							"links": 		{
								"type": ["array", "object"],
								"items":{
								"properties": {
										"url": 			{"type": "string"},
										"title": 		{"type": "string"}
										},
								"additionalProperties": false,
								"required": ["url", "title"]
								}
							},
							"tags":	{
								"type":	["array", "object"],
								"items":	{
									"properties":	{
											"title":	{"type": "string"},
											"id":		{"type": "number"}
									},
									"additionalProperties":	false,
									"required":	["title", "id"]
								}
							},
							"thumbnail": 		{"type": ["string", "null"]},
							"language": 		{"type": "string"},
							"createdOnUTC": 	{"type": "string"},
							"lastUpdatedUTC": 	{"type": "string"}
						},
						"additionalProperties": false,
						"required": ["id", "title", "date", "quarter",
									"fiscalYear", "type", "categories",
									"documents", "links", "tags",
									"thumbnail", "language", "createdOnUTC",
									"lastUpdatedUTC"]
				},
				"meta": {
					"type": "object",
					"properties":{
							"executionDate": 	{"type": "string"},
							"cmsDomain":	{"type": "number"}
					},
					"additionalProperties": false,
					"required": ["executionDate", "cmsDomain"]
				},
				"links": {
					"type": "object",
					"properties": {
							"self": 	{"type": "string"}
					},
					"additionalProperties": false,
					"required": ["self"]
				},
				"error": {
					"type": "null"	
				}
		},
		"additionalProperties": false,
		"required": ["data", "meta", "links", "error"]
	}
