{
	"type": "object",
    "$schema": "http://json-schema.org/draft-04/schema",
    "title": "irapi-events-schema",
    "description": "JSON Schema for IRAPI Events",
		"properties": {
			"data": {
				"type": "object",
					"properties": {
							"id": 		{"type": "integer"},
							"title": 	{"type": ["string", "null"]},
							"type":		{
								"type": "object",
								"properties":{
										"title": {"type": "string"},
										"id":	 {"type": "number"}
								},
								"additionalProperties": false,
								"required": ["title", "id"]
							},
							"startDate":{
								"type": "object",
								"properties":{
										"DateUTC":	{"type": "string"},
										"Date":		{"type": "string"},
										"Timezone":{
											"type":	"object",
											"properties":{
													"Name":		{"type": "string"},
													"Code":		{"type": "string"}
											},
											"additionalProperties": false,
											"required": ["Name", "Code"]
										}
								},
								"additionalProperties": false,
								"required": ["DateUTC", "Date", "Timezone"]
							},
							"endDate":{
								"type": "object",
								"properties":{
										"DateUTC":	{"type": "string"},
										"Date":		{"type": "string"},
										"Timezone":{
											"type":	"object",
											"properties":{
													"Name":		{"type": "string"},
													"Code":		{"type": "string"}
											},
											"additionalProperties": false,
											"required": ["Name", "Code"]
										}
								},
								"additionalProperties": false,
								"required": ["DateUTC", "Date", "Timezone"]
							},
							"estimated":	{"type": "boolean"},
							"categories":{
								"type": ["array"],
								"items":{
									"properties":{
											"title": {"type": "string"},
											"id":	 {"type": "number"}
									},
									"additionalProperties": false,
									"required": ["title", "id"]
								}
							},
							"summary":		{"type": "string"},
							"webcast":{
								"type":	"object",
								"properties":{
										"url":			{"type": "string"},
										"title":		{"type": "string"}
								},
								"additionalProperties": false,
								"required": ["url", "title"]
							},
							"speakers":{
								"type": ["array"],
								"items":{
									"properties":{
											"id":		{"type": "integer"},
											"name":		{"type": "string"},
											"company":	{"type": "string"},
											"title":	{"type": "string"},
											"type":		{"type": "string"},
											"url":		{"type": "string"}
									},
									"additionalProperties": false,
									"required": ["id", "name", "company", "title", "type", "url"]
								}
							},
							"telco":	{
								"type":	"object",
								"properties":	{
										"live":	{
											"type":	"object",
											"properties":{
													"startDate":{
														"type":	"object",
														"properties":{
																"DateUTC":	{"type": "string"},
																"Date":		{"type": "string"},
																"Timezone":	{
																	"type":	"object",
																	"properties":{
																			"Name":	{"type": "string"},
																			"Code":	{"type": "string"}
																	},
																	"additionalProperties": false,
																	"required": ["Name", "Code"]
																}
														},
														"additionalProperties": false,
														"required": ["DateUTC", "Date", "Timezone"]
													},
													"primary":		{"type": "string"},
													"secondary":	{"type": "string"},
													"passcode":		{"type": "string"},
													"dialInUrl":	{
														"type":	"object",
														"properties":	{
																"url":		{"type": "string"},
																"title":	{"type": "string"}
														},
														"additionalProperties":	false,
														"required":	["url", "title"]
													},
													"notes":		{"type": "string"}
											},
											"additionalProperties":	false,
											"required":	["startDate", "primary", "secondary", "passcode",
															"dialInUrl", "notes"]
										},
										"replay":	{
											"type":	"object",
											"properties":{
													"startDate":{
														"type":	"object",
														"properties":{
																"DateUTC":	{"type": "string"},
																"Date":		{"type": "string"},
																"Timezone":	{
																	"type":	"object",
																	"properties":{
																			"Name":	{"type": "string"},
																			"Code":	{"type": "string"}
																	},
																	"additionalProperties": false,
																	"required": ["Name", "Code"]
																}
														},
														"additionalProperties": false,
														"required": ["DateUTC", "Date", "Timezone"]
													},
													"primary":		{"type": "string"},
													"secondary":	{"type": "string"},
													"passcode":		{"type": "string"},
													"dialIn":	{
														"type":	"object",
														"properties":	{
																"url":		{"type": "string"},
																"title":	{"type": "string"}
														},
														"additionalProperties":	false,
														"required":	["url", "title"]
													},
													"notes":		{"type": "string"}
											},
											"additionalProperties":	false,
											"required":	["startDate", "primary", "secondary", "passcode",
															"dialIn", "notes"]
										}
								
								}
							},
							"location":{
								"type": "object",
								"properties":{
										"langcode": 			{"type": "string"},
										"countryCode":			{"type": "string"},
										"administrativeArea": 	{"type": "string"},
										"locality": 			{"type": "string"},
										"dependentLocality": 	{"type": "string"},
										"postalCode": 			{"type": "string"},
										"sortingCode": 			{"type": "string"},
										"addressLine1": 		{"type": "string"},
										"addressLine2": 		{"type": "string"},
										"organization":			{"type": "string"},
										"recipient": 			{"type": "string"}
								
								},
								"additionalProperties":	false,
								"required":	["langcode", "countryCode", "administrativeArea", "locality",
											"dependentLocality", "postalCode", "sortingCode", "addressLine1", "addressLine2",
											"organization", "recipient"]
							},
							"supportingMaterials":{
								"type":		["array"],
								"items":	{
									"properties":	{
											"source":	{"type": "string"},
											"url":		{"type": "string"},
											"title":	{"type": "string"}
									},
									"additionalProperties": false,
									"required": ["source", "url", "title"]
								}
							},
							"thumbnail":	{"type": "string"},
							"tags":	{
								"type": ["array"],
								"items":	{
									"properties":	{
											"title":	{"type": "string"},
											"id":		{"type": "integer"}
									},
									"additionalProperties": false,
									"required": ["title", "id"]
								}
							}
						},
						"additionalProperties": false,
						"required": ["id", "title", "type", 
									"startDate","endDate", "estimated",
									"categories", "summary", "webcast", 
									"speakers", "telco", 
									"location", "supportingMaterials",
									"thumbnail", "tags"]
				},
			"meta": {
					"type": "object",
					"properties":{
						"executionDate": 	{"type": "string"},
						"executionTimeMS":	{"type": "number"}
					},
					"additionalProperties": false,
					"required": ["executionDate", "executionTimeMS"]
				},
			"links": {
				"type": "object",
                "properties": {
						"self": 	{"type": "string"}
				},
				"additionalProperties": false,
				"required": ["self"]
				},				
			"error": {
				"type": "null"	
				}
		},
		"additionalProperties": false,
		"required": ["data", "meta", "links", "error" ]
	}
