{
	"type": "object",
    "$schema": "http://json-schema.org/draft-04/schema",
    "title": "irapi-historical-quotes-daily-schema",
    "description": "JSON Schema for IRAPI Historical-Quotes-Daily",
		"properties": {
			"links": {
				"type": "object",
                "properties": {
						"self": 	{"type": "string"}
					},
				"additionalProperties": false,
				"required": ["self"]
				},
			"meta": {
				"type": "object",
				"properties":{
						"executionDate": 	{"type": "string"},
						"count":			{"type": "number"}
				},
				"additionalProperties": false,
				"required": ["executionDate", "count"]
				},
			"data": {
				"type": "array",
				"items":{
				"properties": {
							"tradeDate": 				{"type": "string"},
							"open": 					{"type": "number"},
							"close": 					{"type": "number"},
							"high": 					{"type": "number"},
							"low": 						{"type": "number"},
							"volume": 					{"type": "number"},
							"splitAdjustmentFactor": 	{"type": "number"},
							"splitRatio": 				{"type": "string"}
						},
				"additionalProperties": false,
				"required": ["tradeDate", "open", "close", "high", 
								"low","volume", "splitAdjustmentFactor",
								"splitRatio"]
						}
				},
			"error": {
				"type": "null"	
				}
		},
		"additionalProperties": false,
		"required": ["links", "meta", "data", "error"]
	}
