{
	"type": "object",
    "$schema": "http://json-schema.org/draft-04/schema",
    "title": "irapi-news-schema",
    "description": "JSON Schema for IRAPI News",
		"properties": {
			"links": {
				"type": "object",
                "properties": {
						"self": 	{"type": "string"},
						"first": 	{"type": "string"},
						"next": 	{"type": ["string", "null"]},
						"prev": 	{"type": ["string", "null"]},
						"last": 	{"type": "string"}
					},
				"additionalProperties": false,
				"required": ["self", "first", "next", "prev", "last"]
				},
			"meta": {
				"type": "object",
				"properties":{
						"executionDate": 	{"type": "string"},
						"cmsDomain": 		{"type": ["string", "null"]},
						"count":			{"type": "number"}
				},
				"additionalProperties": false,
				"required": ["executionDate", "count"]
				},
			"data": {
				"type": "array",
				"items":{
				"properties": {
							"id": 			{"type": "integer"},
							"link":			{"type": "integer"},
							"title": 		{"type": ["string", "null"]},
							"type": {
								"type": "object",
								"properties": {
									"title": 	{"type": ["string", "null"]},
									"id":		{"type": "integer"}
								}
							},
							"teaser":		{"type": ["string", "null"]},
							"lanugage": 	{"type": ["string", "integer"]},
							"releaseDate": {
								"type": "object",
								"properties": {
									"dateUTC":	{"type": ["string", "null"]},
									"date":		{"type": ["string", "null"]},
									"timezone": {
										"type":	"object",
										"properties": {
											"name":	{"type": ["string", "null"]},
											"code":	{"type": ["string", "null"]}
										}
										
									}
								}
							},
							"body": {
								"type": "array",
								"items": {
								"properties": {
									"type":	{"type": ["string", "null"]},
									"link": {
										"type":	"object",
										"properties": {
											"id":		{"type": ["integer", "null"]},
											"source":	{"type": ["string", "null"]},
											"title":	{"type": ["string", "null"]},
											"url":		{"type": ["string", "null"]}
										}
									}
								}
								}
							},
							"aditionalFormats": {
								"type": "array",
								"items":{
								"properties": {
										"Url": 			{"type": "string"},
										"Title": 			{"type": "string"}
										},
								"additionalProperties": false,
								"required": []
								}
							},
							"categories": {
								"type": "array",
								"items":{
								"properties": {
										"Url": 			{"type": "string"},
										"Title": 			{"type": "string"}
										},
								"additionalProperties": false,
								"required": []
								}
							},
							"unpublishOn": {"type": ["string", "null"]},
							"thumbnail": {"type": ["string", "null"]},
							"createdOnUTC": {"type": ["string", "null"]},
							"lastUpdatedUTC": {"type": ["string", "null"]}
						},
						"additionalProperties": false,
						"required": ["id", "link", "title", "type", "teaser", "releaseDate",
									"body","lanugage", "aditionalFormats", "categories", "unpublishOn", "thumbnail", "createdOnUTC", "lastUpdatedUTC" ]
						}
				},
			"error": {
				"type": "null"	
				}
		},
		"additionalProperties": false,
		"required": ["links", "meta", "data", "error"]
	}
