{
	"type": "object",
    "$schema": "http://json-schema.org/draft-04/schema",
    "title": "irapi-news-detail-schema",
    "description": "JSON Schema for IRAPI News detail",
		"properties": {
			"links": {
				"type": "object",
                "properties": {
						"self": 	{"type": "string"}
					},
				"additionalProperties": false,
				"required": ["self"]
				},
			"meta": {
				"type": "object",
				"properties":{
						"executionDate": 	{"type": "string"},
						"cmsDomain": 		{"type": "string"}
				},
				"additionalProperties": false,
				"required": ["executionDate"]
				},
			"data": {
				"type": ["array", "object"],
				"items":{
				"properties": {
							"id": 			{"type": "integer"},
							"title": 		{"type": ["string", "null"]},
							"blurb": 		{"type": ["string", "null"]},
							"html": 		{"type": ["string", "null"]},
							"releaseDate": 	{"type": ["string", "null"]},
							"format": 		{
								"type": ["array"],
								"items":{
								"properties": {
										"Url": 			{"type": "string"},
										"Title": 		{"type": "string"}
										},
								"additionalProperties": false,
								"required": ["Url", "Title"]
								}
							}
						},
				"additionalProperties": false,
				"required": ["id", "title", "blurb", "html", 
								"releaseDate", "format" ]
						}
				},
			"error": {
				"type": "null"	
				}
		},
		"additionalProperties": false,
		"required": ["links", "meta", "data", "error" ]
	}
