{
    "$schema": "http://json-schema.org/draft-04/schema#",
    "definitions": {},
    "id": "http://example.com/example.json",
    "type": "object",
	"properties": {
		"result": {
            "type": "object",
			"properties": {
					"ID": {"type": "integer"},
					"AlternateID": 	{"type": ["integer","null", "string"]},
					"Title": 		{"type": "string"},
					"Teaser":		{"type": ["string", "null"]},
					"Body":	{
						"type":	"object",
						"properties":	{
								"Html":	{"type": "string"},
								"InternalUrl":	{
										"type": ["object","null"],
										"properties": {
												"Title": 	{"type": "string"},
												"Url": 		{"type": "string"}
											},
										"additionalProperties": false,
										"required": ["Title", "Url"]
								},
								"Document":	{
										"type": ["object","null"],
										"properties": {
												"Title": {"type": "string"},
												"Url": {"type": "string"},
												"Description": {"type": ["string", "null"]}
											},
										"additionalProperties": false,
										"required": ["Title", "Url", "Description"]
								},
								"ExternalUrl":	{
										"type": ["object","null"],
										"properties": {
												"Title": {"type": "string"},
												"Url": {"type": "string"}
											},
										"additionalProperties": false,
										"required": ["Title", "Url"]
								}
						},
						"additionalProperties":	false,
						"required":	["Html", "InternalUrl", "Document", "ExternalUrl"]
					},
					"Language": {"type": ["string", "null"]},
					"AdditionalFormats": {
								"type": ["array","null"],
								"items":{
								"properties": {
									"Title": {"type": "string"},
									"Url": {"type": "string"},
									"Documents": {
										"type": ["array","null"],
										"items":{
											"properties": {
												"Title": {"type": "string"},
												"Url": {"type": "string"}
												},
											"additionalProperties": false,
											"required": ["Title", "Url"]
											}
										}
								},
								"additionalProperties": false,
								"required": ["Title", "Url", "Documents"]
								}
					},
					"Attachments":	{"type": "array"},
					"Categories": {
								"type": ["array", "null"],
								"items": {
									"properties":{
									 "Title": {"type": "string"},
									 "Id": 	  {"type": "string"}
									},
								"additionalProperties": false,
								"required": ["Title", "Id"]
								}
					},
					"NewsType":{
								"type": ["object", "null"],
								"properties": {
									"Title": {"type": "string"},
									"Id": {"type": "string"},
									"LegacyTypeID": {"type": "integer"}
								},
								"additionalProperties": false,
								"required": ["Title", "Id", "LegacyTypeID"]
					},
					"Tags":		{"type": "array"},
					"Thumbnail":	{"type": ["string", "null"]},
					"ReleaseDate": {
								"type": "object",
									"properties": {
										"DateUTC": {"type": "string"},
										"Date": {"type": "string"},
										"Timezone": {
											"type": "object",
											"properties": {
													"Name": {"type": "string"},
													"Code": {"type": "string"}
													},
												"additionalProperties": false,
												"required": ["Name", "Code"]
									}
									},
									"additionalProperties": false,
									"required": ["DateUTC", "Date", "Timezone"]				
					},
					"CreatedOnUTC": {"type": "string"},
					"LastUpdatedUTC": {"type": "string"}
				},
				"additionalProperties":	false,
				"required":	["ID", "AlternateID", "Title", "Teaser", "Body", 
								"Language", "AdditionalFormats", "Attachments", 
								"Categories", "NewsType", "Tags", "Thumbnail",
								"ReleaseDate", "CreatedOnUTC", "LastUpdatedUTC"]
		},
		"links":	{
			"type":	["object", "null"],
			"properties":	{
					"first":	{"type": "number"},
					"prev":		{"type": ["string", "null"]},
					"self":		{"type": "number"},
					"next":		{"type": ["string", "null"]},
					"last":		{"type": "number"}
			},
			"additionalProperties": false,
			"required":	["first", "prev", "self", "next", "last"]
		},
        "request": {
            "type": "object",
            "properties": {
                "servedFromEnv": 	{"type": "string"},
                "accept": 			{"type": "string"},
                "executionDate": 	{"type": "string"},
                "queryString": 		{"type": "string"},
                "route": 			{"type": "string"},
                "url": 				{"type": "string"},
                "baseDomain": 		{"type": "string"},
                "requestingUser": 	{"type": "number"}
            },
			"additionalProperties": false,
			"required":	["servedFromEnv", "accept", "executionDate", 
						"queryString", "route", "url", "baseDomain", 
						"requestingUser"]
        },
		"error": {
            "id": "/properties/error",
            "type": "null"
        }
    },
	"additionalProperties":	false,
	"required":	["result", "links", "request", "error"]
}