{
"type": "object",
"$schema": "http://json-schema.org/draft-04/schema",
"title": "IRAPI news detail v2 endpoint",
"description": "JSON Schema for irapi news detail V2 endpoint",
	"properties": {
			"result": {
					"type": "object",
						"properties": {
								"id":			{"type": "number"},
								"title":		{"type": "string"},
								"type":			{
									"type":	["object", "null"],
									"properties":	{
										"title":	{"type": "string"},
										"id":		{"type": "number"}
									}
								},
								"teaser":		{"type": ["string", "null"]},
								"language":		{"type": "string"},
								"releaseDate": {
									"type": "object",
										"properties": {
											"dateUTC": 	{"type": "string"},
											"date": 	{"type": "string"},
											"timezone": {
												"type": "object",
												"properties": {
													"name": {"type": "string"},
													"code": {"type": "string"}
													},
												"additionalProperties": false,
												"required": ["name", "code"]
											}
										},
										"additionalProperties": false,
										"required": ["dateUTC", "date", "timezone"]				
								},
								"body":	{
									"type":	"array",
									"items":	{
										"properties":	{
												"value":	{"type": "string"},
												"type":		{"type": "string"},
												"link":	{
													"type":	"object",
													"properties":	{
															"id": 		{"type": "number"},
															"source": 	{"type": "string"},
															"title": 	{"type": "string"},
															"url":  	{"type": "string"}
													},
													"additionalProperties":	false,
													"required":	["id", "source", "title", "url"]
												}
										},
										"additionalProperties":	false,
										"required":	["value", "type", "link"]
									}
								},
								"additionalFormats":	{
									"type":	"array",
									"items":	{
										"properties":	{
												"id": 		{"type": "number"},
												"source": 	{"type": "string"},
												"title": 	{"type": "string"},
												"url":  	{"type": "string"}
										},
										"additionalProperties":	false,
										"required":	["id", "source", "title", "url"]
									}
								},
								"supportingMaterials":	{
									"type":	["array", "null"],
									"items":	{
										"properties":	{
												"id": 		{"type": "number"},
												"source": 	{"type": "string"},
												"title": 	{"type": "string"},
												"url":  	{"type": "string"}
										},
										"additionalProperties":	false,
										"required":	["id", "source", "title", "url"]
									}
								},
								"categories":	{
									"type":	["array", "null"],
									"items":	{
										"properties":	{
												"title": 		{"type": "string"},
												"id": 			{"type": "number"}
										},
										"additionalProperties":	false,
										"required":	["title", "id"]
									}
								},
								"unpublishOn": {
									"type": ["object", "null"],
										"properties": {
											"dateUTC": 	{"type": "string"},
											"date": 	{"type": "string"},
											"timezone": {
												"type": "object",
												"properties": {
													"name": {"type": "string"},
													"code": {"type": "string"}
													},
												"additionalProperties": false,
												"required": ["name", "code"]
											}
										},
										"additionalProperties": false,
										"required": ["dateUTC", "date", "timezone"]				
								},
								"thumbnail": {
									"type": ["object", "null"],
										"properties": {
											"url": 		{"type": "string"},
											"altText": 	{"type": "string"}
										},
										"additionalProperties": false,
										"required": ["url", "altText"]				
								},
								"tags":	{
									"type":	["array", "null"],
									"items":	{
										"properties":	{
											"title":	{"type": "string"},
											"id":		{"type": "string"}
										},
										"additionalProperties":	false,
										"required":	["title", "id"]
									}
								},
								"createdOnUTC": {"type": "string"},
								"lastUpdatedUTC": {"type": "string"}	
						},
						"additionalProperties": false,
						"required": ["id", "title", "type", "teaser", "language", 
									"releaseDate", "body", "additionalFormats", "supportingMaterials", 
									"categories", "unpublishOn", "thumbnail", "tags", 
									"createdOnUTC", "lastUpdatedUTC"]
			},
			"links":	{
				"type":	["object", "null"],
				"properties":	{
					"first":	{"type": "number"},
					"prev":		{"type": ["string", "null"]},
					"self":		{"type": "number"},
					"next":		{"type": ["string", "null"]},
					"last":		{"type": "number"}
				},
				"additionalProperties": false,
				"required":	["first", "prev", "self", "next", "last"]
			},
		"request": {
					"type": "object",
						"properties": {
							"servedFromEnv": 	{"type": "string"},
							"accept":			{"type": "string"},
							"executionDate":	{"type": "string"},
							"queryString": 		{"type": "string"},
							"route": 			{"type": "string"},
							"url": 				{"type": "string"},
							"baseDomain": 		{"type": "string"},
							"requestingUser": 	{"type": "number"}
						},
						"additionalProperties": false,
						"required":	["servedFromEnv", "accept", "executionDate",
										"queryString", "route", "url", "baseDomain",
										"requestingUser"]
		},
		"error": {
					"type": "null"     
		}
	},
	"additionalProperties": false,
	"required": [ "result", "links", "request", "error" ]
}