{
"type": "object",
"$schema": "http://json-schema.org/draft-04/schema",
"title": "/IRAPI endpoint",
"description": "JSON Schema for /irapi endpoint",
	"properties": {
			"result": {
					"type": "array",
					"items": {
						"properties": {
							"ID": {"type": "integer"},
							"AlternateID": {"type": ["integer","null", "string"]},
							"Title": {"type": "string"},
							"ReleaseDate": {
								"type": "object",
									"properties": {
										"DateUTC": {"type": "string"},
										"Date": {"type": "string"},
										"Timezone": {
											"type": "object",
											"properties": {
													"Name": {"type": "string"},
													"Code": {"type": "string"}
													},
												"additionalProperties": false,
												"required": ["Name", "Code"]
									}
									},
									"additionalProperties": false,
									"required": ["DateUTC", "Date", "Timezone"]				
							},
							"BodyDocument": {
								"type": ["object","null"],
								"properties": {
									"Title": {"type": "string"},
									"Url": {"type": "string"},
									"Description": {"type": ["string", "null"]}
									},
								"additionalProperties": false,
								"required": ["Title", "Url", "Description"]
							},
							"InternalUrl": {
								"type": ["object","null"],
								"properties": {
									"Title": {"type": "string"},
									"Url": {"type": "string"}
									},
								"additionalProperties": false,
								"required": ["Title", "Url"]
							},
							"ExternalUrl": {
								"type": ["object","null"],
								"properties": {
									"Title": {"type": "string"},
									"Url": {"type": "string"}
									},
								"additionalProperties": false,
								"required": ["Title", "Url"]
							},
							"AdditionalFormats": {
								"type": ["array","null"],
								"items":{
								"properties": {
									"Title": {"type": "string"},
									"Url": {"type": "string"},
									"Documents": {
										"type": ["array","null"],
										"items":{
											"properties": {
												"Title": {"type": "string"},
												"Url": {"type": "string"}
												},
											"additionalProperties": false,
											"required": ["Title", "Url"]
											}
										}
								},
								"additionalProperties": false,
								"required": ["Title", "Url", "Documents"]
								}
							},
							"Language": {"type": "string"},
							"NewsType":{
								"type": ["object", "null"],
								"properties": {
									"Title": {"type": "string"},
									"Id": {"type": "string"},
									"LegacyTypeID": {"type": "integer"}
								},
								"additionalProperties": false,
								"required": ["Title", "Id", "LegacyTypeID"]
							},
							"Categories": {
								"type": ["array", "null"],
								"items": {
									"properties":{
									 "Title": {"type": "string"},
									 "Id": 	  {"type": "string"}
									},
								"additionalProperties": false,
								"required": ["Title", "Id"]
								}
							},
							"UnpublishOn": {
								"type": ["object", "null"],
									"properties": {
										"DateUTC": {"type": "string"},
										"Date": {"type": "string"},
										"Timezone": {
											"type": "object",
											"properties": {
													"Name": {"type": "string"},
													"Code": {"type": "string"}
													},
												"additionalProperties": false,
												"required": ["Name", "Code"]
										}
									},
									"additionalProperties": false,
									"required": ["DateUTC", "Date", "Timezone"]				
							},
							"CreatedOnUTC": {"type": "string"},
							"LastUpdatedUTC": {"type": "string"}
						},
						"additionalProperties": false,
						"required": ["ID", "AlternateID", "Title", "ReleaseDate", "BodyDocument", 
									"InternalUrl", "ExternalUrl", "AdditionalFormats", "Language", 
									"NewsType", "Categories", "UnpublishOn", "CreatedOnUTC", 
									"LastUpdatedUTC"]
					}
		},
		"links":	{
			"type":	"object",
			"properties":	{
					"first":	{"type": "number"},
					"prev":		{"type": ["string", "null"]},
					"self":		{"type": "number"},
					"next":		{"type": ["string", "null"]},
					"last":		{"type": "number"}
			},
			"additionalProperties": false,
			"required":	["first", "prev", "self", "next", "last"]
		},
		"request": {
					"type": "object",
						"properties": {
							"servedFromEnv": 	{"type": "string"},
							"accept":			{"type": "string"},
							"executionDate":	{"type": "string"},
							"queryString": 		{"type": "string"},
							"route": 			{"type": "string"},
							"url": 				{"type": "string"},
							"baseDomain": 		{"type": "string"},
							"requestingUser": 	{"type": "number"}
						},
						"additionalProperties": false,
						"required":	["servedFromEnv", "accept", "executionDate",
										"queryString", "route", "url", "baseDomain",
										"requestingUser"]
		},
		"error": {
					"type": "null"     
		}
	},
	"additionalProperties": false,
	"required": [ "result", "links", "request", "error" ]
}