{
    "$schema": "http://json-schema.org/draft-04/schema#",
    "definitions": {},
    "id": "http://example.com/example.json",
    "properties": {
        "error": {
            "id": "/properties/error",
            "type": "null"
        },
        "request": {
            "id": "/properties/request",
            "properties": {
                "CacheBypassed": {
                    "id": "/properties/request/properties/CacheBypassed",
                    "type": "boolean"
                },
                "CacheHits": {
                    "id": "/properties/request/properties/CacheHits",
                    "items": {},
                    "type": "array"
                },
                "CacheKey": {
                    "id": "/properties/request/properties/CacheKey",
                    "type": "string"
                },
                "ServedFromEnv": {
                    "id": "/properties/request/properties/ServedFromEnv",
                    "type": "string"
                },
                "accept": {
                    "id": "/properties/request/properties/accept",
                    "type": "string"
                },
                "clientID": {
                    "id": "/properties/request/properties/clientID",
                    "type": "string"
                },
                "executionDate": {
                    "id": "/properties/request/properties/executionDate",
                    "type": "string"
                },
                "executionTimeMS": {
                    "id": "/properties/request/properties/executionTimeMS",
                    "type": "integer"
                },
                "isIMSRequest": {
                    "id": "/properties/request/properties/isIMSRequest",
                    "type": "boolean"
                },
                "productID": {
                    "id": "/properties/request/properties/productID",
                    "type": "string"
                },
                "queryString": {
                    "id": "/properties/request/properties/queryString",
                    "type": "string"
                },
                "route": {
                    "id": "/properties/request/properties/route",
                    "type": "string"
                },
                "sessionID": {
                    "id": "/properties/request/properties/sessionID",
                    "type": "string"
                },
                "siteApiAccessToken": {
                    "id": "/properties/request/properties/siteApiAccessToken",
                    "type": "string"
                },
                "siteID": {
                    "id": "/properties/request/properties/siteID",
                    "type": "string"
                },
                "stage": {
                    "id": "/properties/request/properties/stage",
                    "type": "string"
                },
                "url": {
                    "id": "/properties/request/properties/url",
                    "type": "string"
                },
                "version": {
                    "id": "/properties/request/properties/version",
                    "type": "string"
                }
            },
            "type": "object"
        },
        "result": {
            "id": "/properties/result",
            "properties": {
                "service": {
                    "id": "/properties/result/properties/service",
                    "properties": {
                        "clientId": {
                            "id": "/properties/result/properties/service/properties/clientId",
                            "type": "integer"
                        },
                        "domains": {
                            "id": "/properties/result/properties/service/properties/domains",
                            "items": {
                                "id": "/properties/result/properties/service/properties/domains/items",
                                "properties": {
                                    "isVanity": {
                                        "id": "/properties/result/properties/service/properties/domains/items/properties/isVanity",
                                        "type": "boolean"
                                    },
                                    "url": {
                                        "id": "/properties/result/properties/service/properties/domains/items/properties/url",
                                        "type": "string"
                                    }
                                },
                                "type": "object"
                            },
                            "type": "array"
                        },
                        "id": {
                            "id": "/properties/result/properties/service/properties/id",
                            "type": "integer"
                        },
                        "sfCollectionId": {
                            "id": "/properties/result/properties/service/properties/sfCollectionId",
                            "type": "integer"
                        },
                        "sfSiteId": {
                            "id": "/properties/result/properties/service/properties/sfSiteId",
                            "type": "integer"
                        },
                        "siteShield": {
                            "id": "/properties/result/properties/service/properties/siteShield",
                            "properties": {
                                "editable": {
                                    "id": "/properties/result/properties/service/properties/siteShield/properties/editable",
                                    "type": "boolean"
                                },
                                "enabled": {
                                    "id": "/properties/result/properties/service/properties/siteShield/properties/enabled",
                                    "type": "boolean"
                                }
                            },
                            "type": "object",
							"additionalProperties": false,
							"required": ["editable", "enabled"]
                        }
                    },
                    "type": "object",
					"additionalProperties": false,
					"required": ["clientId", "domains", "id", "sfCollectionId", "sfSiteId", "siteShield"]
                },
                "site": {
                    "id": "/properties/result/properties/site",
                    "properties": {
                        "id": {
                            "id": "/properties/result/properties/site/properties/id",
                            "type": "integer"
                        },
                        "isPrimary": {
                            "id": "/properties/result/properties/site/properties/isPrimary",
                            "type": "boolean"
                        }
                    },
                    "type": "object",
					"additionalProperties": false,
					"required": ["id", "isPrimary"]
                }
            },
            "type": "object",
			"additionalProperties": false
        }
    },
    "type": "object"
}