{
	"type": "object",
    "$schema": "http://json-schema.org/draft-04/schema",
    "title": "Migration - dividendsAndSplits-schema",
    "description": "JSON Schema for Migration end point of DividendsAndSplits",
		"properties": {
			"result": {
				"type": "array",
                "items":{
					"properties": {
									"administrative_title":		{"type": ["null", "string"]},
									"div_split": 				{"type": "string"},
									"id": 						{"type": "integer"},
									"symbol": 					{"type": "string"},
									"fiscal_year":				{"type": ["null", "string"]},
									"declared_date": 			{"type": ["null", "string"]},
									"ex_date": 					{"type": ["null", "string"]},
									"record_date": 				{"type": ["null", "string"]},
									"payable_date": 			{"type": ["null", "string"]},
									"amount": 					{"type": ["null", "string"]},
									"code": 					{"type": "string"},
									"effective_date": 			{"type": ["null", "string"]},
									"split_adjustment_factor":	{"type": ["null", "string"]},
									"split_numerator": 			{"type": ["null", "string"]},
									"split_denominator":		{"type": ["null", "string"]},
									"updated": 					{"type": "integer"}
									},
							"additionalProperties": false,
							"required": [ 
											"administrative_title",
											"div_split",
											"id",
											"symbol",
											"fiscal_year",
											"declared_date",
											"ex_date",
											"record_date",	
											"payable_date",
											"amount",
											"code",
											"effective_date",
											"split_adjustment_factor",
											"split_numerator",
											"split_denominator",
											"updated"]
							}
						}
					},
			"error": {
				"type": "null"	
				},
			"request": {
				"type": "object",
				"items":{
				"properties": {
								"accept": 		{"type": "string"},
								"clientID": 	{"type": "string"},
								"executionDate":{"type": "string"},
								"executionTimeMS": {"type": "integer"},
								"isIMSRequest": {"type": "boolean"},
								"queryString": 	{"type": "string"},
								"route": 		{"type": "string"},
								"session": 		{"type": "null"},
								"stage": 		{"type": "string"},
								"url": 			{"type": "string"},
								"ServedFromEnv":{"type": "string"},
								"version": 		{"type": "string"},
								"CacheBypassed":{"type": "boolean"},
								"CacheKey": 	{"type": "string"},
								"CacheHits": 	{"type": "array"}
							},
						"additionalProperties": false
						}
				
					}
			}