{
"type": "object",
"$schema": "http://json-schema.org/draft-04/schema",
"title": "Migration/Bundles endpoint",
"description": "JSON Schema for Migration/Bundles endpoint",
	"properties": {
	"result": {
		"type": "array",
			"items": {
			   "properties": {
					"id": {"type": "integer"},
					"published": {"type": "boolean"},
					"updated": {"type": "integer"},
					"administrative_title": {"type": "string"},
					"title": {"type": "string"},
					"thumbnail": {"type": ["null", "string"]},
					"weight": {"type": "integer"},
					"body": {"type": ["null", "string"]},
					"content": {
						"type": "array",
							"items": {
							"properties": {
								  "reference": {"type": "string"},
								  "type": {"type": "string"},
								  "title_override": {"type": ["null", "string"]}
								  },
								  "additionalProperties": false,
								  "required": [ "reference", "type", "title_override" ]
							}
					},
					"group": {"type": "string"},
					"sub_group": {"type": "string"},
					"type": {"type": ["null", "string"]},
					"tags": {"type": "array"},
					"publish_on": {"type": ["null", "string"]},
					"never_unpublish": {"type": "boolean"},
					"unpublish_on": {"type": ["null", "string"]}				
				},
				"additionalProperties": false,
				"required": [ "id", "published", "updated", "administrative_title", "title", "thumbnail", "weight", "body", "content", 
							"group", "sub_group", "type", "tags", "publish_on", "never_unpublish", "unpublish_on"]
			}
			
	},

	"error": {
		"type": "null"	
	},
	"request": {
	"type": "object",
		"items":{
		"properties": {
						"accept": 		{"type": "string"},
						"clientID": 	{"type": "string"},
						"executionDate":{"type": "string"},
						"executionTimeMS": {"type": "integer"},
						"isIMSRequest": {"type": "boolean"},
						"queryString": 	{"type": "string"},
						"route": 		{"type": "string"},
						"session": 		{"type": "null"},
						"stage": 		{"type": "string"},
						"url": 			{"type": "string"},
						"ServedFromEnv":{"type": "string"},
						"version": 		{"type": "string"},
						"CacheBypassed":{"type": "boolean"},
						"CacheKey": 	{"type": "string"},
						"CacheHits": 	{"type": "array"}
					},
					"additionalProperties": false,
				 	 "required": [
	                    "accept",
	                    "clientID",
	                    "executionDate",
	                    "executionTimeMS",
	                    "isIMSRequest",
	                    "queryString",
	                    "route",
	                    "session",
	                    "stage",
	                    "url",
	                    "ServedFromEnv",
	                    "version",
	                    "CacheBypassed",
	                    "CacheKey",
	                    "CacheHits"
					]			
				}
		
	}
	},
	"additionalProperties": false,
    "required": [ "result", "error", "request" ]
}

