{
	"type": "object",
    "$schema": "http://json-schema.org/draft-04/schema",
    "title": "migration-People-schema",
    "description": "JSON Schema for migration-People",
		"properties": {
			"result": {
				"type": "array",
				"items": {
                "properties": {
							"id": 					{"type": "string"},
							"published": 			{"type": "boolean"},
							"updated": 				{"type": "integer"},
							"administrative_title": {"type": "string"},
							"prefix": 				{"type": ["string", "null"] },
							"first_name": 			{"type": "string"},
							"middle_name": 			{"type": ["string", "null"]},
							"last_name": 			{"type": ["string", "null"]},
							"suffix": 				{"type": ["string", "null"]},
							"title": 				{"type": ["string", "null"]},
							"company": 				{"type": ["string", "null"]},
							"email": 				{
										"type": "array",
										"items": {
												"type": "string"
											}
									},
							"bio": 					{"type": ["string", "null"]},
							"ext_bio": {
									"type": ["object", "null"],
									"properties": {
												"url":	{"type": "string"},
												"title": 	{"type": ["string", "null"]}
											},
									"additionalProperties": false,
									"required": ["url", "title" ]
								},
							"dob": 					{"type": ["string", "null"]},
							"headshot": {
									"type": ["object", "null"],
									"properties": {
												"url": 	{"type": "string"},
												"alt":  {"type": ["string", "null"]}
											},
									"additionalProperties": false,
									"required": ["url", "alt" ]
								},
							"category": {
										"type": "array",
										"minItems": 1,
										"items": {
												"type": "string"
											}
									},
							"dir_since": 			{"type": ["string", "null"]},
							"dir_details": 			{"type": "array"},
							"analyst_type": 		{"type": ["string", "null"]},
							"analyst_rating": 		{"type": ["string", "null"]},
							"weight": 				{"type": "integer"}
					},
				"additionalProperties": false,
				"required": ["id", "published", "updated", "administrative_title", "prefix", "first_name", "middle_name",
				              "last_name", "suffix", "title", "company", "email", "bio", "ext_bio", "dob", "headshot",
								"category", "dir_since", "dir_details", "analyst_type", "analyst_rating", "weight" ]
				}
			},
			"error": {
				"type": "null"	
				},
			"request": {
				"type": "object",
				"items": {
                "properties": {
                    "accept": { "type": "string" },
                    "clientID": { "type": "string" },
                    "executionDate": { "type": "string" },
                    "executionTimeMS": { "type": "integer" },
                    "isIMSRequest": { "type": "boolean" },
                    "queryString": { "type": "string" },
                    "route": { "type": "string" },
                    "session": { "type": "null" },
                    "stage": { "type": "string" },
                    "url": { "type": "string" },
                    "ServedFromEnv": { "type": "string" },
                    "version": { "type": "string" },
                    "CacheBypassed": { "type": "boolean" },
                    "CacheKey": { "type": "string" },
                    "CacheHits": { "type": "array" }
					},
                "additionalProperties": false,
                "required": [
                    "accept",
                    "clientID",
                    "executionDate",
                    "executionTimeMS",
                    "isIMSRequest",
                    "queryString",
                    "route",
                    "session",
                    "stage",
                    "url",
                    "ServedFromEnv",
                    "version",
                    "CacheBypassed",
                    "CacheKey",
                    "CacheHits"
					]
				}
			}
		}
    }
