{
"type": "object",
"$schema": "http://json-schema.org/draft-04/schema",
"title": "Migration SecFilings XBRL endpoint",
"description": "JSON Schema for Migration SecFilings XBRL endpoint",
                "properties": {
                "result": {
							"type": "object",										
								"properties": {
									"xbrl": {
										"type": "object",
											"properties": {
												"doc": {
													"type": "array",
														"items": {
															"properties": {
																"title": {"type": "string"},
																"url": {"type": "string"}
															},
															"additionalProperties": false,
															"required": [ "title", "url" ]
															}											
												},
												"viewer": {
													"type": "object",
														"properties": {
															"title": {"type": "string"},
															"url": {"type": "string"}
														},
														"additionalProperties": false,
														"required": [ "title", "url" ]
												}			
											},
											"additionalProperties": false,
											"required": [ "doc", "viewer" ]	
									}
									
								},
								"additionalProperties": false,
								"required": [ "xbrl" ]	
													
							},

                "error": {
                                "type": "null"     
                },
                "request": {
                                "type": "object",
                                "items":{
										"properties": {
														"accept":                             {"type": "string"},
														"clientID":           {"type": "string"},
														"executionDate":{"type": "string"},
														"executionTimeMS": {"type": "integer"},
														"isIMSRequest": {"type": "boolean"},
														"queryString":   {"type": "string"},
														"route":                               {"type": "string"},
														"session":                            {"type": "null"},
														"stage":                                {"type": "string"},
														"url":                                     {"type": "string"},
														"ServedFromEnv":{"type": "string"},
														"version":                            {"type": "string"},
														"CacheBypassed":{"type": "boolean"},
														"CacheKey":       {"type": "string"},
														"CacheHits":       {"type": "array"}
													},
														"additionalProperties": false
										}
                                
                                }
                },
    "additionalProperties": false,
    "required": [ "result", "error", "request" ]
}
