{
	"type": "object",
    "$schema": "http://json-schema.org/draft-04/schema",
    "title": "migration-People-schema",
    "description": "JSON Schema for migration-People",
		"properties": {
			"result": {
				"type": "array",
				"items": {
                "properties": {
							"id": 				{"type": "string"},
							"published": 		{"type": "boolean"},
							"updated": 			{"type": "integer"},
							"administrative_title": 			{"type": "string"},
							"title": 			{"type": "string"},
							"start_date":{
							"type" : "object",
								"properties" : {
									"date": 	{"type": ["null", "string"]},
									"timezone":{"type": "string"}
							},
							"additionalProperties": false,
							"required": ["date", "timezone"]
							},
							"end_date":{
							"type" : ["null","object"],
								"properties" : {
									"date": 	{"type": ["null", "string"]},
									"timezone":{"type": "string"}
							},
							"additionalProperties": false,
							"required": ["date", "timezone"]
							},
							"replay_date": 	{"type": ["null", "string"]},
							"estimated": 	{"type": ["null", "boolean"]},
							"add_to_calendar": 	{"type": ["null","boolean"] },
							"type": 	{"type": ["null", "string"]},
							"category":{
										"type": "array",
										"items": {
												"type": "string"
											}
									},
							"tags":{
										"type": "array",
										"items": {
												"type": "string"
											}
									},
							"agenda": 	{"type": ["null", "string"]},
							"description": 	{"type": ["null", "string"]},
							"thumbnail": 	{"type": ["null", "string"]},
							
							"live":{
							"type" : ["null", "object"],
								"properties" : {
									"primary":{"type": "string"},
									"secondary":{"type": "string"},
									"passcode":{"type": "string"},
									"dial_in_url": 	{"type": ["null", "string"]},
									"notes":{"type": "string"}
							},
							"additionalProperties": false,
							"required": ["primary", "secondary", "passcode", "dial_in_url", "notes"]
							},
							
							"replay": 	{"type": ["null", "string"]},
							
							"webcast_url": {
									"type": ["object", "null"],
										"properties":{
											"url": 		{"type": "string"},
											"title": 	{"type": ["null", "string"]}
										},
									"additionalProperties": false,
									"required": ["url", "title"]
									},
							
							"speaker": 	{"type": ["null", "string"]},
							
							"location": {
									"type": ["object", "null"],
										"properties":{
											"name"			:{"type": "string"},
											"description"	:{"type": ["null", "string"]},
											"address": {
												"type": ["object", "null"],
												"properties":{
													"country_code"			:{"type": "string"},
													"administrative_area"	:{"type": "string"},
													"locality"				:{"type": "string"},
													"dependent_locality"	:{"type": ["null", "string"]},
													"postal_code"			:{"type": "string"},
													"sorting_code"			:{"type": ["null", "string"]},
													"line_1": 	{"type": "string"},
													"line_2": 	{"type": "string"}
													},
													"additionalProperties": false,
													"required": ["country_code", "administrative_area", "locality", "dependent_locality", "postal_code", "sorting_code", "line_1", "line_2"]
											},
											"location_url": {
												"type": ["object", "null"],
												"properties":{
													"url": 		{"type": "string"},
													"title": 	{"type": ["null", "string"]}
												},
												"additionalProperties": false,
												"required": ["url", "title"]
											},
											"contact_name": 	{"type": ["null", "string"]},
											"contact_email": 	{"type": ["null", "string"]},
											"contact_phone": 	{"type": ["null", "string"]},
											"notes": 	{"type": ["null", "string"]}
										},
									"additionalProperties": false,
									"required": ["name", "description", "address", "location_url", "contact_name", "contact_email", "contact_phone", "notes"]
									},
							
							"asset":{
										"type": "array",
										"items": {"type": "string"}
									},
							"publish_on"		:{"type": "null"},
							"never_unpublish"	:{"type": "boolean"},
							"unpublish_on":{
								"type": ["object", "null"],
								"properties":{
										"date"		: {"type": "string"},
										"timezone"	: {"type": "string"}
								},
								"additionalProperties": false,
								"required": ["date", "timezone"]
							}
							
					},
				"additionalProperties": false,
				"required": ["id", "published", "updated", "administrative_title", "title", 
							"start_date", "end_date", "replay_date", "estimated","add_to_calendar", 
							"type", "category", "tags", "agenda", "description", "thumbnail", "live", 
							"replay", "webcast_url", "speaker", "location", "asset", 
							"publish_on", "never_unpublish", "unpublish_on"]
				}
			},
			"error": {
				"type": "null"	
				},
			"request": {
				"type": "object",
				"items": {
                "properties": {
                    "accept": { "type": "string" },
                    "clientID": { "type": "string" },
                    "executionDate": { "type": "string" },
                    "executionTimeMS": { "type": "integer" },
                    "isIMSRequest": { "type": "boolean" },
                    "queryString": { "type": "string" },
                    "route": { "type": "string" },
                    "session": { "type": "null" },
                    "stage": { "type": "string" },
                    "url": { "type": "string" },
                    "ServedFromEnv": { "type": "string" },
                    "version": { "type": "string" },
                    "CacheBypassed": { "type": "boolean" },
                    "CacheKey": { "type": "string" },
                    "CacheHits": { "type": "array" }
					},
                "additionalProperties": false,
                "required": [
                    "accept",
                    "clientID",
                    "executionDate",
                    "executionTimeMS",
                    "isIMSRequest",
                    "queryString",
                    "route",
                    "session",
                    "stage",
                    "url",
                    "ServedFromEnv",
                    "version",
                    "CacheBypassed",
                    "CacheKey",
                    "CacheHits"
					]
				}
			}
		}
    }
