{
	"type": "object",
    "$schema": "http://json-schema.org/draft-04/schema",
    "title": "Migration-Assets",
    "description": "JSON Schema for Migration end point of Assets",
		"properties": {
			"result": {
				"type": "array",
				"items":{
					"properties": {
								"id":						{"type": "string"},
								"published": 				{"type": "boolean"},
								"updated": 					{"type": "integer"},
								"administrative_title": 		{"type": "string"},
								"title": 					{"type": "string"},
								"thumbnail": {
									"type": ["null", "object"],
									"properties" : {
										"url": {"type": "string"},
										"alt": {"type": "string"}
									},
									"additionalProperties": false,
										"required": ["url","alt"]
									},
								"document":	{
									"type": "array",
									"items" : {
										"properties" : {
													"url" 	: 	{"type" : "string"},
													"title" : 	{"type" : "string"}
										},
										"additionalProperties": false,
										"required": ["url","title"]
									}	
								},
								"ext_doc":	{
									"type": "array",
									"items" : {
										"properties" : {
													"url" 	: 	{"type" : "string"},
													"title" : 	{"type" : "string"}
										},
										"additionalProperties": false,
										"required": ["url","title"]
									}	
								},
								"date":			{"type": ["null", "string"]},
								"fiscal_year":	{"type": ["null", "string"]},
								"quarter": 		{"type": ["null", "string"]},
								"type": 		{"type": ["null", "string"]},
								"category": {
										"type": "array",
										"items": {
												"type": "string"
											}
									},
								"downloadLibrary"	: 		{"type": "boolean"},
								"tags": {
										"type": ["null", "array"],
										"items": {
												"type": "string"
											}
									},
								"source": 	{"type": ["null", "string"]},
								"publish_on"		:{"type": "null"},
								"never_unpublish"	:{"type": "boolean"},
								"unpublish_on":{
										"type": ["object", "null"],
										"properties":{
												"date"		: {"type": "string"},
												"timezone"	: {"type": "string"}
											},
										"additionalProperties": false,
										"required": ["date", "timezone"]
										}
								},
							"additionalProperties": false,
								"required": ["id",
											 "published",	
											 "updated",
											 "administrative_title",
											 "title",
											 "thumbnail",
											 "document",
											 "ext_doc",
											 "date",
											 "fiscal_year",
											 "quarter",
											 "type",
											 "category",
											 "downloadLibrary",
											 "tags",
											 "source",
											 "publish_on", 
											 "never_unpublish", 
											 "unpublish_on"]
						}
						},
			"error": {
				"type": "null"	
				},
			"request": {
				"type": "object",
				"items":{
				"properties": {
								"accept": 		{"type": "string"},
								"clientID": 	{"type": "string"},
								"executionDate":{"type": "string"},
								"executionTimeMS": {"type": "integer"},
								"isIMSRequest": {"type": "boolean"},
								"queryString": 	{"type": "string"},
								"route": 		{"type": "string"},
								"session": 		{"type": "null"},
								"stage": 		{"type": "string"},
								"url": 			{"type": "string"},
								"ServedFromEnv":{"type": "string"},
								"version": 		{"type": "string"},
								"CacheBypassed":{"type": "boolean"},
								"CacheKey": 	{"type": "string"},
								"CacheHits": 	{"type": "array"}
							},
						"additionalProperties": false
				}
		}
	}
}
