{
	"type": "object",
    "$schema": "http://json-schema.org/draft-04/schema",
    "title": "Migration_FAQ_Phx",
    "description": "JSON Schema for Migration end point of Phx Gov Committee",
		"properties": {
			"result": {
				"type": "array",
				"items" : {
                "properties": {
							"id":	{"type": "integer"},
							"updated":	{"type": "integer"},
							"items" : {
							"type" : "array",
							"items": {
								"properties" : {
									"category": 	{"type": ["null", "string"]},
									"questions" : {
									"type" : "array",
										"items" :{
											"properties" : {
											
											"question":	{"type": "string"},
											"answer":	{"type": "string"}
											},
											"additionalProperties": false,
											"required": ["question", "answer"]
										}
									}
								},
								"additionalProperties": false,
								"required": ["category", "questions"]
							}
							}
					},
					"additionalProperties": false,
					"required": ["id", "updated", "items"]
					}
			},
			"error": {
				"type": "null"	
				},
			"request": {
				"type": "object",
				"items":{
				"properties": {
								"accept": 		{"type": "string"},
								"clientID": 	{"type": "string"},
								"executionDate":{"type": "string"},
								"executionTimeMS": {"type": "integer"},
								"isIMSRequest": {"type": "boolean"},
								"queryString": 	{"type": "string"},
								"route": 		{"type": "string"},
								"session": 		{"type": "null"},
								"stage": 		{"type": "string"},
								"url": 			{"type": "string"},
								"ServedFromEnv":{"type": "string"},
								"version": 		{"type": "string"},
								"CacheBypassed":{"type": "boolean"},
								"CacheKey": 	{"type": "string"},
								"CacheHits": 	{"type": "array"}
							},
						"additionalProperties": false
						}
				
					}
			}
    }
