{
"type": "object",
"$schema": "http://json-schema.org/draft-04/schema",
"title": "Migration/News endpoint",
"description": "JSON Schema for Migration/News endpoint",
	"properties": {
	"result": {
		"type": "array",
			"items": {
			   "properties": {
					"id": {"type": "string"},
					"published": {"type": "boolean"},
					"administrative_title": {"type": "string"},
					"headline": {"type": "string"},
					"teaser": {"type": "string"},
					"release_date" : {
						"type" : "object",
						"properties" : {
							"date" 		: {"type" : "string"},
							"timezone" 	: {"type" : "string"}
						},
						"additionalProperties": false,
						"required": [ "date", "timezone" ]
					},
					"thumbnail": {
						"type": ["null", "object"],
							"properties": {
								"url": {"type": ["null", "string"]},
								"alt": {"type": ["null", "string"]}
							},
							"additionalProperties": false,
							"required": [ "url", "alt" ]
						},
					"newswire_backfill": {"type": "boolean"},
					"category": {
						"type": "array",
							"items": {
										"type": ["null", "string"]
							}
					},
					"tags": {
						"type": ["null", "array"],
						"items": {
									"type": ["null", "string"]
						}
					},
					"type": {"type": ["null", "string"]},
					"body": {"type": "string"},
					"asset": {"type": ["null", "string"]},
					"document": {
							"type": ["null", "string", "object"],
							"properties": {
								"url": {"type": ["null", "string"]},
								"title": {"type": ["null", "string"]}
									},
								"additionalProperties": false,
								"required": [ "url", "title"]
						},
					"external_document": {
							"type": ["null", "string", "object"],
							"properties": {
								"url": {"type": ["null", "string"]},
								"title": {"type": ["null", "string"]}
									},
								"additionalProperties": false,
								"required": [ "url", "title"]
						},
						
					"supplemental_format": {
						"type": ["null", "array"],
						"items": {
									"type": ["null", "string", "integer"]
						
						}
					},
					"references": {
						"type": ["null", "array"],
						"items": {
									"type": ["null", "integer", "string"]

						}
					},
					"external_links": {
						"type": "array",
						"items": {
									"type": ["null", "string"]

						}
					},
					"updated": {"type": "integer"},
					"publish_on"		:{"type": "null"},
					"never_unpublish"	:{"type": "boolean"},
					"unpublish_on":{
							"type": ["object", "null"],
							"properties":{
									"date"		: {"type": "string"},
									"timezone"	: {"type": "string"}
									},
							"additionalProperties": false,
							"required": ["date", "timezone"]
						}
				},
				"additionalProperties": false,
				"required": [ "id", "published", "administrative_title", "headline", "teaser", "release_date", "thumbnail", "type", "newswire_backfill", "category", "tags",
							"type", "body", "asset", "document", "external_document", "supplemental_format", "references", "external_links", "updated",
							"publish_on", "never_unpublish", "unpublish_on"]
			}
			
	},

	"error": {
		"type": "null"	
	},
	"request": {
	"type": "object",
		"items":{
		"properties": {
						"accept": 		{"type": "string"},
						"clientID": 	{"type": "string"},
						"executionDate":{"type": "string"},
						"executionTimeMS": {"type": "integer"},
						"isIMSRequest": {"type": "boolean"},
						"queryString": 	{"type": "string"},
						"route": 		{"type": "string"},
						"session": 		{"type": "null"},
						"stage": 		{"type": "string"},
						"url": 			{"type": "string"},
						"ServedFromEnv":{"type": "string"},
						"version": 		{"type": "string"},
						"CacheBypassed":{"type": "boolean"},
						"CacheKey": 	{"type": "string"},
						"CacheHits": 	{"type": "array"}
					},
				"additionalProperties": false
				}
		
	}
	},
	"additionalProperties": false,
    "required": [ "result", "error", "request" ]
}
