{
"type": "object",
"$schema": "http://json-schema.org/draft-04/schema",
"title": "Migration/NewsCategories endpoint",
"description": "JSON Schema for Migration/NewsCategories endpoint",
                "properties": {
                "result": {
							"type": "array",
										"items": {
													"properties": {
																	"id": {"type": "string"},
																	"name": {"type": "string"},
																	"updated": {"type": "integer"}
																	},
																	"additionalProperties": false,
																	"required": [ "id", "name", "updated" ]
													}
							},

                "error": {
                                "type": "null"     
                },
                "request": {
                                "type": "object",
                                "items":{
										"properties": {
														"accept":                             {"type": "string"},
														"clientID":           {"type": "string"},
														"executionDate":{"type": "string"},
														"executionTimeMS": {"type": "integer"},
														"isIMSRequest": {"type": "boolean"},
														"queryString":   {"type": "string"},
														"route":                               {"type": "string"},
														"session":                            {"type": "null"},
														"stage":                                {"type": "string"},
														"url":                                     {"type": "string"},
														"ServedFromEnv":{"type": "string"},
														"version":                            {"type": "string"},
														"CacheBypassed":{"type": "boolean"},
														"CacheKey":       {"type": "string"},
														"CacheHits":       {"type": "array"}
													},
														"additionalProperties": false
										}
                                
                                }
                },
    "additionalProperties": false,
                "required": [ "result", "error", "request" ]
}
