{
	"type": "object",
    "$schema": "http://json-schema.org/draft-04/schema",
    "title": "Migration-SEC Filings",
    "description": "JSON Schema for Migration end point of SEC Filings",
		"properties": {
			"result": {
				"type": "array",
				"items":{
                "properties": {
								"id":	{"type": "string"},
								"form":	{"type": "string"},
								"accession_no":	{"type": "string"},
								"form_group": 	{"type": ["null", "string"]},
								"cik": 			{"type": "string"},
								"filer": 		{"type": ["null", "string"]},
								"issuer": 		{"type": ["null", "string"]},
								"date_filed": {
									"type": "object",
										"properties":{
											"date": 		{"type": "string"},
											"timezone": 		{"type": "string"}
									},
									"additionalProperties": false,
								"required": ["date", "timezone"]
									},
								"document_date": {
									"type": "object",
										"properties":{
											"date": 		{"type": "string"},
											"timezone": 		{"type": "string"}
									},
									"additionalProperties": false,
								"required": ["date", "timezone"]
									
									},
								"pages": 		{"type": "integer"},
								"tags": 	{"type": ["null", "string"]},
								"description":	{"type": "string"},
								"html_document": 	{"type": "string"},
								
								"xls": {
									"type": "object",
										"properties":{
											"url": 		{"type": "string"},
											"title": 	{"type": ["null", "string"]}
									},
									"additionalProperties": false,
								"required": ["url", "title"]
									
									},
								"pdf": {
									"type": "object",
										"properties":{
											"url": 		{"type": "string"},
											"title": 	{"type": ["null", "string"]}
									},
									"additionalProperties": false,
								"required": ["url", "title"]
									
									},
								"doc": {
									"type": "object",
										"properties":{
											"url": 		{"type": "string"},
											"title": 	{"type": ["null", "string"]}
									},
									"additionalProperties": false,
								"required": ["url", "title"]
									},
								"xbrl": 	{"type": ["null", "string"]},
								"updated": 		{"type": "integer"}
								},
								"additionalProperties": false,
								"required": ["id",
											 "form",	
											 "accession_no",
											 "form_group",
											 "cik",
											 "filer",
											 "issuer",
											 "date_filed",
											 "pages",
											 "tags",
											 "description",
											 "html_document",
											 "xls",
											 "pdf",
											 "doc",
											 "xbrl",
											 "updated"]
										}
										},
			"error": {
				"type": "null"	
				},
			"request": {
				"type": "object",
				"items":{
				"properties": {
								"accept": 		{"type": "string"},
								"clientID": 	{"type": "string"},
								"executionDate":{"type": "string"},
								"executionTimeMS": {"type": "integer"},
								"isIMSRequest": {"type": "boolean"},
								"queryString": 	{"type": "string"},
								"route": 		{"type": "string"},
								"session": 		{"type": "null"},
								"stage": 		{"type": "string"},
								"url": 			{"type": "string"},
								"ServedFromEnv":{"type": "string"},
								"version": 		{"type": "string"},
								"CacheBypassed":{"type": "boolean"},
								"CacheKey": 	{"type": "string"},
								"CacheHits": 	{"type": "array"}
							},
						"additionalProperties": false
						}
				
					}
			}
    }
