{
"type": "object",
"$schema": "http://json-schema.org/draft-04/schema",
"title": "Historical_lookup_staging_Stock Calculator",
"description": "JSON Schema for HistoricalQuote Staging_Stock Calculator",
	"properties": {
	"result": {
		"type": "object",
			   "properties": {
					"InvestmentDate": {"type":"string"},
					"OriginalShares": {"type":["integer","number"] },
					"OriginalValue": {"type":["integer","number"] },
					"CurrentShares": {"type":["integer","number"] },
					"CurrentValue": {"type":["integer","number"] },
					"PercentReturn": {"type":["integer","number"] },
					"SplitAdjustmentFactor": {"type":["integer","number"] },
					"SplitRatio": {"type":"string"},
					"CurrentPrice": {"type":["integer","number"] },
					"Date": {"type":"string"},
					"DateMatch": {"type":"boolean"}
					},
					"additionalProperties": false,
					"required": [ "InvestmentDate", "OriginalShares", "OriginalValue", "CurrentShares", "CurrentValue", "PercentReturn", "SplitAdjustmentFactor", "SplitRatio", "CurrentPrice", "Date", "DateMatch" ]
				},

	"error": {
		"type": "null"	
	},
	"request": {
	"type": "object",
		"items":{
		"properties": {
						"accept": 		{"type": "string"},
						"clientID": 	{"type": "string"},
						"executionDate":{"type": "string"},
						"executionTimeMS": {"type": "integer"},
						"isIMSRequest": {"type": "boolean"},
						"queryString": 	{"type": "string"},
						"route": 		{"type": "string"},
						"session": 		{"type": "null"},
						"stage": 		{"type": "string"},
						"url": 			{"type": "string"},
						"ServedFromEnv":{"type": "string"},
						"version": 		{"type": "string"},
						"CacheBypassed":{"type": "boolean"},
						"CacheKey": 	{"type": "string"},
						"CacheHits": 	{"type": "array"}
					},
				"additionalProperties": false
				}
		
	}
	}
}
