{
	"type": "object",
    "$schema": "http://json-schema.org/draft-04/schema",
    "title": "insiderTransaction-schema",
    "description": "JSON Schema for insiderTransaction",
		"properties": {
			"result": {
				"type": "object",
                        "properties": {
							"FilerList":{
							"type":"object",
								"properties":{
									"Filer": {
									"type": "array",
									"items":{
										"properties": {
											"CompanyName": {"type": "string"},
											"FilerName": {"type": "string"},
											"InsiderProfile": {
												"type": ["object", "array"],
												"properties":{
														"Name": {"type": "string"},
														"Title": {"type": "string"},
														"FilerId": {"type": "string"},
														"TotalTransactions": {"type": "string"}
														},
														"additionalProperties": false,
														"required": ["Name", "Title", "FilerId", "TotalTransactions"]
													},
												"TransactionDetail": {
												"type": "array",
												"items": {
												"properties":{
														"FormId": {"type": "string"},
														"AccessionNumber": {"type": "string"},
														"Date": {"type": "string"},
														"Type": {"type": "string"},
														"Shares": {"type": "string"},
														"PriceFromTo": {"type": "string"},
														"MarketValue": {"type": "string"},
														"TotalHoldings": {"type": "string"},
														"OwnershipForm": {"type": "string"},
														"FormType": {"type": "string"},
														"TocLinkSuffix": {"type": "string"},
														"HtmlLinkSuffix": {"type": "string"}
														},
														"additionalProperties": false,
														"required": ["FormId", "AccessionNumber", "Date", "Shares", "PriceFromTo", "MarketValue", "TotalHoldings", "OwnershipForm", "FormType", "TocLinkSuffix", "HtmlLinkSuffix"]
														}
													}	
												},
												"additionalProperties": false,
												"required": ["CompanyName", "FilerName", "InsiderProfile", "TransactionDetail"]
											}											
										}
									}
								}
						}
				},
				"error": {
				"type": "null"	
					},
				"request": {
					"type": "object",
					"items": {
					"properties": {
						"accept": { "type": "string" },
						"clientID": { "type": "string" },
						"executionDate": { "type": "string" },
						"executionTimeMS": { "type": "integer" },
						"isIMSRequest": { "type": "boolean" },
						"queryString": { "type": "string" },
						"route": { "type": "string" },
						"session": { "type": "null" },
						"stage": { "type": "string" },
						"url": { "type": "string" },
						"ServedFromEnv": { "type": "string" },
						"version": { "type": "string" },
						"CacheBypassed": { "type": "boolean" },
						"CacheKey": { "type": "string" },
						"CacheHits": { "type": "array" }
						},
					"additionalProperties": false,
					"required": [
						"accept",
						"clientID",
						"executionDate",
						"executionTimeMS",
						"isIMSRequest",
						"queryString",
						"route",
						"session",
						"stage",
						"url",
						"ServedFromEnv",
						"version",
						"CacheBypassed",
						"CacheKey",
						"CacheHits"
						]
					}
				}
			}
		}
