{
	"type": "object",
    "$schema": "http://json-schema.org/draft-04/schema",
    "title": "quotes-schema",
    "description": "JSON Schema for Quotes",
		"properties": {
			"result": {
				"type": "object",
                        "properties": {
							"Quotes": {
							"type": "array",
							"items":{
								"properties": {
									"DisplaySymbol": 		{"type": "string"},
									"Identifier": 			{"type": "string"},
									"Exchange": 			{"type": "string"},
									"ExchangeShortCode": 	{"type": "string"},
									"ExchangeDescription": 	{"type": "string"},
									"Trade": 				{"type": "string"},
									"Date": 				{"type": "string"},
									"Change": 				{"type": "string"},
									"ChangePercentage": 	{"type": "string"},
									"Bid": 					{"type": "string"},
									"BidSize": 				{"type": "string"},
									"Ask": 					{"type": "string"},
									"AskSize": 				{"type": "string"},
									"High": 				{"type": "string"},
									"Low": 					{"type": "string"},
									"Volume": 				{"type": ["string", "null"]},
									"Open": 				{"type": "string"},
									"PreviousClose": 		{"type": "string"},
									"High52Week": 			{"type": "string"},
									"High52WeekDate": 		{"type": "string"},
									"Low52Week": 			{"type": "string"},
									"Low52WeekDate": 		{"type": "string"},
									"PERatio": 				{"type": "string"},
									"MarketCap": 			{"type": "string"},
									"SharesOutstanding": 	{"type": "string"},
									"RollingEPS": 			{"type": "string"},
									"IsDefault": 			{"type": "string"},
									"IsIndex": 				{"type": "string"},
									"Class": 				{"type": "string"}
									},
								"additionalProperties": false,
								"required": ["DisplaySymbol", "Identifier", "Exchange", "ExchangeShortCode", 
										 "ExchangeDescription","Trade", "Date", "Change", "ChangePercentage", 
										 "Bid", "BidSize", "Ask", "AskSize","High", "Low", "Volume", "Open", 
										 "PreviousClose", "High52Week", "High52WeekDate","Low52Week", 
										 "Low52WeekDate", "PERatio", "MarketCap", "SharesOutstanding", 
										 "RollingEPS","IsDefault", "IsIndex", "Class" ]
								}
							}
						}
            },
			"error": {
            "type": "null"	
				},
			"request": {
				"type": "object",
				"items": {
                "properties": {
                    "accept": { "type": "string" },
                    "clientID": { "type": "string" },
                    "executionDate": { "type": "string" },
                    "executionTimeMS": { "type": "integer" },
                    "isIMSRequest": { "type": "boolean" },
                    "queryString": { "type": "string" },
                    "route": { "type": "string" },
                    "session": { "type": "null" },
                    "stage": { "type": "string" },
                    "url": { "type": "string" },
                    "ServedFromEnv": { "type": "string" },
                    "version": { "type": "string" },
                    "CacheBypassed": { "type": "boolean" },
                    "CacheKey": { "type": "string" },
                    "CacheHits": { "type": "array" }
					},
                "additionalProperties": false,
                "required": [
                    "accept",
                    "clientID",
                    "executionDate",
                    "executionTimeMS",
                    "isIMSRequest",
                    "queryString",
                    "route",
                    "session",
                    "stage",
                    "url",
                    "ServedFromEnv",
                    "version",
                    "CacheBypassed",
                    "CacheKey",
                    "CacheHits"
					]
				}
			}
		}
    }
