{
	"type": "object",
	"$schema": "http://json-schema.org/draft-04/schema",
	"title": "SecFilings_TOC-schema",
	"description": "JSON Schema for SecFilings_TOC",
		"properties": {
		"result": {
			"type": "object",
			"properties": {
					"xbrl-toc": {
					"type": "object",
							"properties": {
								"CompanyName": 	{"type":"string"},
								"Filer":		{"type":"string"},
								"FormType": 	{"type":"string"},
								"DateFiled": 	{"type":"string"},	
								"xbrl": {
									"type": "array",		
										"items":{
											"properties": {
													"title": 	{"type":"string"},
													"link": 	{"type":"string"}
											},
											"additionalProperties": false,
											"required": [ "title", "link" ]
										}
								},
								"xbrl-viewer": {
									"type": "object",		
										"items":{
											"properties": {
													"title": 	{"type":"string"},
													"link": 	{"type":"string"}
												},
												"additionalProperties": false,
												"required": [ "title", "link" ]
											}
								}
							},
								"additionalProperties": false,
								"required": [ "CompanyName", "Filer", "FormType", "DateFiled", "xbrl","xbrl-viewer" ]
					}
			},
			"additionalProperties": false,
			"required": [ "xbrl-toc" ]			

		},
	"error": {
		"type": "null"	
	},
	"request": {
	"type": "object",
		"items":{
		"properties": {
						"accept": 		{"type": "string"},
						"clientID": 	{"type": "string"},
						"executionDate":{"type": "string"},
						"executionTimeMS": {"type": "integer"},
						"isIMSRequest": {"type": "boolean"},
						"queryString": 	{"type": "string"},
						"route": 		{"type": "string"},
						"session": 		{"type": "null"},
						"stage": 		{"type": "string"},
						"url": 			{"type": "string"},
						"ServedFromEnv":{"type": "string"},
						"version": 		{"type": "string"},
						"CacheBypassed":{"type": "boolean"},
						"CacheKey": 	{"type": "string"},
						"CacheHits": 	{"type": "array"}
					},
				"additionalProperties": false
		}
		
	}
	}
}
