{
	"type": "object",
    "$schema": "http://json-schema.org/draft-04/schema",
    "title": "irapi-news-schema",
    "description": "JSON Schema for IRAPI News",
		"properties": {
			"links": {
				"type": "object",
                "properties": {
						"self": 	{"type": "string"},
						"first": 	{"type": "string"},
						"next": 	{"type": ["string", "null"]},
						"prev": 	{"type": ["string", "null"]},
						"last": 	{"type": "string"}
					},
				"additionalProperties": false,
				"required": ["self", "first", "next", "prev", "last"]
				},
			"meta": {
				"type": "object",
				"properties":{
						"executionDate": 	{"type": "string"},
						"count":			{"type": "number"},
						"cmsDomain":		{"type": "string"}
				},
				"additionalProperties": false,
				"required": ["executionDate", "count","cmsDomain"]
				},
			"data": {
				"type": "array",
				"items":{
				"properties": {
							"id": 			{"type": "integer"},
							"link": 		{"type": ["string", "null"]},
							"title": 		{"type": ["string", "null"]},
							"document": 	{"type": ["string", "null"]},
							"teaser": 	    {"type": ["string", "null"]},
							"type": {	    
							"type": "object",
							"properties":{
								"title": 		{"type": ["string", "null"]},
								"id": 			{"type": "number"},
							}
							},
							"date": 		{"type": ["string", "null"]},
							"url": 			{"type": ["string", "null"]},
							"language": 	{"type": ["string", "integer"]},
							"format": 		{
								"type": ["array"],
								"items":{
								"properties": {
										"Url": 			{"type": "string"},
										"Title": 			{"type": "string"}
										},
								"additionalProperties": false,
								"required": ["Url", "Title"]
								}
							}
						},
						"additionalProperties": false,
						"required": ["id", "title", "document", "date", 
									"url","language", "format" ]
						}
				},
			"error": {
				"type": "null"	
				}
		},
		"additionalProperties": false,
		"required": ["links", "meta", "data", "error"]
	}
