{
    "$schema": "http://json-schema.org/draft-04/schema#",
    "definitions": {},
    "id": "http://example.com/example.json",
    "properties": {
        "data": {
            "id": "/properties/data",
            "items": {
                "id": "/properties/data/items",
                "properties": {
                    "additionalFormats": {
                        "id": "/properties/data/items/properties/additionalFormats",
                        "items": {},
                        "type": "array"
                    },
                    "body": {
                        "id": "/properties/data/items/properties/body",
                        "items": {
                            "id": "/properties/data/items/properties/body/items",
                            "properties": {
                                "link": {
                                    "id": "/properties/data/items/properties/body/items/properties/link",
                                    "properties": {
                                        "id": {
                                            "id": "/properties/data/items/properties/body/items/properties/link/properties/id",
                                            "type": "null"
                                        },
                                        "source": {
                                            "id": "/properties/data/items/properties/body/items/properties/link/properties/source",
                                            "type": "string"
                                        },
                                        "title": {
                                            "id": "/properties/data/items/properties/body/items/properties/link/properties/title",
                                            "type": "string"
                                        },
                                        "url": {
                                            "id": "/properties/data/items/properties/body/items/properties/link/properties/url",
                                            "type": "string"
                                        }
                                    },
                                    "type": "object"
                                },
                                "type": {
                                    "id": "/properties/data/items/properties/body/items/properties/type",
                                    "type": "string"
                                }
                            },
                            "type": "object"
                        },
                        "type": "array"
                    },
                    "categories": {
                        "id": "/properties/data/items/properties/categories",
                        "items": {},
                        "type": "array"
                    },
                    "createdOnUTC": {
                        "id": "/properties/data/items/properties/createdOnUTC",
                        "type": "string"
                    },
                    "id": {
                        "id": "/properties/data/items/properties/id",
                        "type": "integer"
                    },
                    "language": {
                        "id": "/properties/data/items/properties/language",
                        "type": "string"
                    },
                    "lastUpdatedUTC": {
                        "id": "/properties/data/items/properties/lastUpdatedUTC",
                        "type": "string"
                    },
                    "link": {
                        "id": "/properties/data/items/properties/link",
                        "properties": {
                            "url": {
                                "id": "/properties/data/items/properties/link/properties/url",
                                "type": "string"
                            }
                        },
                        "type": "object"
                    },
                    "releaseDate": {
                        "id": "/properties/data/items/properties/releaseDate",
                        "properties": {
                            "date": {
                                "id": "/properties/data/items/properties/releaseDate/properties/date",
                                "type": "string"
                            },
                            "dateUTC": {
                                "id": "/properties/data/items/properties/releaseDate/properties/dateUTC",
                                "type": "string"
                            },
                            "timezone": {
                                "id": "/properties/data/items/properties/releaseDate/properties/timezone",
                                "properties": {
                                    "code": {
                                        "id": "/properties/data/items/properties/releaseDate/properties/timezone/properties/code",
                                        "type": "string"
                                    },
                                    "name": {
                                        "id": "/properties/data/items/properties/releaseDate/properties/timezone/properties/name",
                                        "type": "string"
                                    }
                                },
                                "type": "object"
                            }
                        },
                        "type": "object"
                    },
                    "teaser": {
                        "id": "/properties/data/items/properties/teaser",
                        "type": "string"
                    },
                    "thumbnail": {
                        "id": "/properties/data/items/properties/thumbnail",
                        "type": "null"
                    },
                    "title": {
                        "id": "/properties/data/items/properties/title",
                        "type": "string"
                    },
                    "type": {
                        "id": "/properties/data/items/properties/type",
                        "properties": {
                            "id": {
                                "id": "/properties/data/items/properties/type/properties/id",
                                "type": "integer"
                            },
                            "title": {
                                "id": "/properties/data/items/properties/type/properties/title",
                                "type": "string"
                            }
                        },
                        "type": ["object","null"]
                    },
                    "unpublishOn": {
                        "id": "/properties/data/items/properties/unpublishOn",
                        "type": "null"
                    }
                },
                "type": "object"
            },
            "type": "array"
        },
        "error": {
            "id": "/properties/error",
            "type": "null"
        },
        "links": {
            "id": "/properties/links",
            "properties": {},
            "type": "object"
        },
        "meta": {
            "id": "/properties/meta",
            "properties": {
                "cmsDomain": {
                    "id": "/properties/meta/properties/cmsDomain",
                    "type": "string"
                },
                "count": {
                    "id": "/properties/meta/properties/count",
                    "type": "integer"
                },
                "executionDate": {
                    "id": "/properties/meta/properties/executionDate",
                    "type": "string"
                }
            },
            "type": "object"
        }
    },
    "type": "object"
}