{
  "$schema": "http://json-schema.org/draft-04/schema#",
  "definitions": {},
  "id": "http://example.com/example.json",
  "properties": {
    "data": {
      "id": "/properties/data",
      "properties": {
        "additionalFormats": {
          "id": "/properties/data/properties/additionalFormats",
          "items": {},
          "type": "array"
        },
        "body": {
          "id": "/properties/data/properties/body",
          "items": {
            "id": "/properties/data/properties/body/items",
            "properties": {
              "link": {
                "id": "/properties/data/properties/body/items/properties/link",
                "properties": {
                  "id": {
                    "id": "/properties/data/properties/body/items/properties/link/properties/id",
                    "type": "null"
                  },
                  "source": {
                    "id": "/properties/data/properties/body/items/properties/link/properties/source",
                    "type": "string"
                  },
                  "title": {
                    "id": "/properties/data/properties/body/items/properties/link/properties/title",
                    "type": "string"
                  },
                  "url": {
                    "id": "/properties/data/properties/body/items/properties/link/properties/url",
                    "type": "string"
                  }
                },
                "type": "object"
              },
              "type": {
                "id": "/properties/data/properties/body/items/properties/type",
                "type": "string"
              },
              "value": {
                "id": "/properties/data/properties/body/items/properties/value",
                "type": "string"
              }
            },
            "type": "object"
          },
          "type": "array"
        },
        "categories": {
          "id": "/properties/data/properties/categories",
          "items": {},
          "type": "array"
        },
        "createdOnUTC": {
          "id": "/properties/data/properties/createdOnUTC",
          "type": "string"
        },
        "id": {
          "id": "/properties/data/properties/id",
          "type": "integer"
        },
        "language": {
          "id": "/properties/data/properties/language",
          "type": "string"
        },
        "lastUpdatedUTC": {
          "id": "/properties/data/properties/lastUpdatedUTC",
          "type": "string"
        },
        "releaseDate": {
          "id": "/properties/data/properties/releaseDate",
          "properties": {
            "date": {
              "id": "/properties/data/properties/releaseDate/properties/date",
              "type": "string"
            },
            "dateUTC": {
              "id": "/properties/data/properties/releaseDate/properties/dateUTC",
              "type": "string"
            },
            "timezone": {
              "id": "/properties/data/properties/releaseDate/properties/timezone",
              "properties": {
                "code": {
                  "id": "/properties/data/properties/releaseDate/properties/timezone/properties/code",
                  "type": "string"
                },
                "name": {
                  "id": "/properties/data/properties/releaseDate/properties/timezone/properties/name",
                  "type": "string"
                }
              },
              "type": "object"
            }
          },
          "type": "object"
        },
        "supportingMaterials": {
          "id": "/properties/data/properties/supportingMaterials",
          "items": {},
          "type": "array"
        },
        "teaser": {
          "id": "/properties/data/properties/teaser",
          "type": "string"
        },
        "thumbnail": {
          "id": "/properties/data/properties/thumbnail",
          "type": "null"
        },
        "title": {
          "id": "/properties/data/properties/title",
          "type": "string"
        },
        "type": {
          "id": "/properties/data/properties/type",
          "properties": {
            "id": {
              "id": "/properties/data/properties/type/properties/id",
              "type": "integer"
            },
            "title": {
              "id": "/properties/data/properties/type/properties/title",
              "type": "string"
            }
          },
          "type": "object"
        },
        "unpublishOn": {
          "id": "/properties/data/properties/unpublishOn",
          "type": "null"
        }
      },
      "type": "object"
    },
    "error": {
      "id": "/properties/error",
      "type": "null"
    },
    "links": {
      "id": "/properties/links",
      "properties": {
        "self": {
          "id": "/properties/links/properties/self",
          "type": "string"
        }
      },
      "type": "object"
    },
    "meta": {
      "id": "/properties/meta",
      "properties": {
        "cmsDomain": {
          "id": "/properties/meta/properties/cmsDomain",
          "type": "string"
        },
        "executionDate": {
          "id": "/properties/meta/properties/executionDate",
          "type": "string"
        }
      },
      "type": "object"
    }
  },
  "type": "object"
}