{
    "$schema": "http://json-schema.org/draft-04/schema#",
    "definitions": {},
    "id": "https://clientapi-qa.gcs-web.com/data/d3fc04e8-b62a-4759-9dac-ba5369cd7f11/quotes/lookup/weekof?date=2017-04-12&symbol=BMCH",
    "properties": {
        "data": {
            "id": "/properties/data",
            "items": {
                "id": "/properties/data/items",
                "properties": {
                    "close": {
                        "id": "/properties/data/items/properties/close",
                        "type": "number"
                    },
                    "high": {
                        "id": "/properties/data/items/properties/high",
                        "type": "number"
                    },
                    "low": {
                        "id": "/properties/data/items/properties/low",
                        "type": "number"
                    },
                    "open": {
                        "id": "/properties/data/items/properties/open",
                        "type": "number"
                    },
                    "splitAdjustmentFactor": {
                        "id": "/properties/data/items/properties/splitAdjustmentFactor",
                        "type": "integer"
                    },
                    "splitRatio": {
                        "id": "/properties/data/items/properties/splitRatio",
                        "type": "string"
                    },
                    "tradeDate": {
                        "id": "/properties/data/items/properties/tradeDate",
                        "type": "string"
                    },
                    "volume": {
                        "id": "/properties/data/items/properties/volume",
                        "type": "integer"
                    }
                },
                "type": "object"
            },
            "type": "array"
        },
        "error": {
            "id": "/properties/error",
            "type": "null"
        },
        "links": {
            "id": "/properties/links",
            "properties": {
                "self": {
                    "id": "/properties/links/properties/self",
                    "type": "string"
                }
            },
            "type": "object"
        },
        "meta": {
            "id": "/properties/meta",
            "properties": {
                "count": {
                    "id": "/properties/meta/properties/count",
                    "type": "integer"
                },
                "executionDate": {
                    "id": "/properties/meta/properties/executionDate",
                    "type": "string"
                }
            },
            "type": "object"
        }
    },
    "type": "object"
}