{
  "$schema": "http://json-schema.org/draft-04/schema#",
  "definitions": {},
  "id": "http://example.com/example.json",
  "properties": {
    "data": {
      "id": "/properties/data",
      "properties": {
        "categories": {
          "id": "/properties/data/properties/categories",
          "items": {},
          "type": "array"
        },
        "createdOnUTC": {
          "id": "/properties/data/properties/createdOnUTC",
          "type": "string"
        },
        "endDate": {
          "id": "/properties/data/properties/endDate",
          "type": "null"
        },
        "id": {
          "id": "/properties/data/properties/id",
          "type": "integer"
        },
        "isEstimated": {
          "id": "/properties/data/properties/isEstimated",
          "type": "boolean"
        },
        "lastUpdatedUTC": {
          "id": "/properties/data/properties/lastUpdatedUTC",
          "type": "string"
        },
        "location": {
          "id": "/properties/data/properties/location",
          "type": "null"
        },
        "speakers": {
          "id": "/properties/data/properties/speakers",
          "items": {},
          "type": "array"
        },
        "startDate": {
          "id": "/properties/data/properties/startDate",
          "properties": {
            "date": {
              "id": "/properties/data/properties/startDate/properties/date",
              "type": "string"
            },
            "dateUTC": {
              "id": "/properties/data/properties/startDate/properties/dateUTC",
              "type": "string"
            },
            "timezone": {
              "id": "/properties/data/properties/startDate/properties/timezone",
              "properties": {
                "code": {
                  "id": "/properties/data/properties/startDate/properties/timezone/properties/code",
                  "type": "string"
                },
                "name": {
                  "id": "/properties/data/properties/startDate/properties/timezone/properties/name",
                  "type": "string"
                }
              },
              "type": "object"
            }
          },
          "type": "object"
        },
        "summary": {
          "id": "/properties/data/properties/summary",
          "type": "null"
        },
        "supportingMaterials": {
          "id": "/properties/data/properties/supportingMaterials",
          "items": {
            "id": "/properties/data/properties/supportingMaterials/items",
            "properties": {
              "id": {
                "id": "/properties/data/properties/supportingMaterials/items/properties/id",
                "type": "null"
              },
              "source": {
                "id": "/properties/data/properties/supportingMaterials/items/properties/source",
                "type": "string"
              },
              "title": {
                "id": "/properties/data/properties/supportingMaterials/items/properties/title",
                "type": "string"
              },
              "url": {
                "id": "/properties/data/properties/supportingMaterials/items/properties/url",
                "type": "string"
              }
            },
            "type": "object"
          },
          "type": "array"
        },
        "teleconference": {
          "id": "/properties/data/properties/teleconference",
          "type": "null"
        },
        "thumbnail": {
          "id": "/properties/data/properties/thumbnail",
          "type": "null"
        },
        "title": {
          "id": "/properties/data/properties/title",
          "type": "string"
        },
        "type": {
          "id": "/properties/data/properties/type",
          "properties": {
            "id": {
              "id": "/properties/data/properties/type/properties/id",
              "type": "integer"
            },
            "title": {
              "id": "/properties/data/properties/type/properties/title",
              "type": "string"
            }
          },
          "type": "object"
        },
        "webCast": {
          "id": "/properties/data/properties/webCast",
          "properties": {
            "id": {
              "id": "/properties/data/properties/webCast/properties/id",
              "type": "null"
            },
            "source": {
              "id": "/properties/data/properties/webCast/properties/source",
              "type": "string"
            },
            "title": {
              "id": "/properties/data/properties/webCast/properties/title",
              "type": "string"
            },
            "url": {
              "id": "/properties/data/properties/webCast/properties/url",
              "type": "string"
            }
          },
          "type": "object"
        }
      },
      "type": "object"
    },
    "error": {
      "id": "/properties/error",
      "type": "null"
    },
    "links": {
      "id": "/properties/links",
      "properties": {
        "self": {
          "id": "/properties/links/properties/self",
          "type": "string"
        }
      },
      "type": "object"
    },
    "meta": {
      "id": "/properties/meta",
      "properties": {
        "cmsDomain": {
          "id": "/properties/meta/properties/cmsDomain",
          "type": "string"
        },
        "executionDate": {
          "id": "/properties/meta/properties/executionDate",
          "type": "string"
        }
      },
      "type": "object"
    }
  },
  "type": "object"
}