{
	"type": "object",
    "$schema": "http://json-schema.org/draft-04/schema",
    "title": "irapi-quotes-schema",
    "description": "JSON Schema for IRAPI Quotes",
		"properties": {
			"links": {
				"type": "object",
                "properties": {
						"self": {"type": "string"}
					},
				"additionalProperties": false,
				"required": ["self"]
				},
			"meta": {
				"type": "object",
				"properties":{
						"executionDate": 	{"type": "string"},
						"count":			{"type": "number"}
				},
				"additionalProperties": false,
				"required": ["executionDate", "count"]
				},
			"data": {
				"type": "array",
				"items":{
				"properties": {
							"symbol": 				{"type": "string"},
							"exchange": 			{"type": ["string", "null"]},
							"exchangeShortCode": 	{"type": ["string", "null"]},
							"lastTrade": 			{"type": ["number","string", "null"]},
							"date": 				{"type": ["string", "null"]},
							"changeNumber": 		{"type": ["string","number"]},
							"changePercent": 		{"type": ["string","number"]},
							"bid": 					{"type": ["string","number","null"]},
							"bidSize": 				{"type": ["string","number","null"]},
							"askSize": 				{"type": ["string","number","null"]},
							"dayHigh": 				{"type": ["number","string","null"]},
							"dayLow": 				{"type": ["number","string","null"]},
							"volume": 				{"type": ["string","number","null"]},
							"open": 				{"type": ["string","number","null"]},
							"previousClose": 		{"type": ["string","number","null"]},
							"52WeekHigh": 			{"type": ["number","string","null"]},
							"52WeekHighDate": 		{"type": ["string", "null"]},
							"52WeekLowDate": 		{"type": ["string", "null"]},
							"peRatio": 				{"type": ["string","number","null"]},
							"marketCap": 			{"type": ["string","number","null"]},
							"sharesOutstanding": 	{"type": ["string","number","null"]},
							"rollingEPS": 			{"type": ["string","number","null"]},
							"isDefault": 			{"type": "string"},
							"isIndex": 				{"type": "string"},
							"class": 				{"type": ["string", "null"]},
							"securityId": 			{"type": "number"},
							"yield": 				{"type": ["string","number","null"]},
							"firstTradeDate": 		{"type": ["string", "null"]}
							},
				"additionalProperties": false,
				"required": ["symbol", "exchange", "exchangeShortCode", "lastTrade", 
								"date","changeNumber", "changePercent", "bid", "bidSize", 
								"askSize", "dayHigh", "dayLow", "volume","open", 
								"previousClose", "52WeekHigh", "52WeekHighDate", 
								"52WeekLowDate", "peRatio", "marketCap","sharesOutstanding", 
								"rollingEPS", "isDefault", "isIndex", "class", 
								"securityId","yield", "firstTradeDate" ]
						}
				},
			"error": {
				"type": "null"	
				}
		},
		"additionalProperties": false,
		"required": ["links", "meta", "data", "error"]
	}
