{
    "$schema": "http://json-schema.org/draft-04/schema#",
    "definitions": {},
    "id": "http://example.com/example.json",
    "properties": {
        "data": {
            "id": "/properties/data",
            "items": {
                "id": "/properties/data/items",
                "properties": {
                    "date": {
                        "id": "/properties/data/items/properties/date",
                        "type": "null"
                    },
                    "document": {
                        "id": "/properties/data/items/properties/document",
                        "type": "null"
                    },
                    "format": {
                        "id": "/properties/data/items/properties/format",
                        "items": {},
                        "type": "array"
                    },
                    "id": {
                        "id": "/properties/data/items/properties/id",
                        "type": "integer"
                    },
					 "language": {
                        "id": "/properties/data/items/properties/language",
                        "type": "string"
                    },
                    "title": {
                        "id": "/properties/data/items/properties/title",
                        "type": "string"
                    },
                    "url": {
                        "id": "/properties/data/items/properties/url",
                        "type": "null"
                    }
                },
                "type": "object"
            },
            "type": "array"
        },
        "error": {
            "id": "/properties/error",
            "type": "null"
        },
        "links": {
            "id": "/properties/links",
            "properties": {
                "first": {
                    "id": "/properties/links/properties/first",
                    "type": "string"
                },
                "last": {
                    "id": "/properties/links/properties/last",
                    "type": "string"
                },
                "next": {
                    "id": "/properties/links/properties/next",
                    "type": "null"
                },
                "prev": {
                    "id": "/properties/links/properties/prev",
                    "type": "null"
                },
                "self": {
                    "id": "/properties/links/properties/self",
                    "type": "string"
                }
            },
            "type": "object"
        },
        "meta": {
            "id": "/properties/meta",
            "properties": {
                "count": {
                    "id": "/properties/meta/properties/count",
                    "type": "integer"
                },
                "executionDate": {
                    "id": "/properties/meta/properties/executionDate",
                    "type": "string"
                }
            },
            "type": "object"
        }
    },
    "type": "object"
}