{
    "$schema": "http://json-schema.org/draft-04/schema#",
    "definitions": {},
    "id": "http://example.com/example.json",
    "properties": {
        "data": {
            "id": "/properties/data",
            "items": {
                "id": "/properties/data/items",
                "properties": {
                    "categories": {
                        "id": "/properties/data/items/properties/categories",
                        "items": {},
                        "type": "array"
                    },
                    "createdOnUTC": {
                        "id": "/properties/data/items/properties/createdOnUTC",
                        "type": "string"
                    },
                    "endDate": {
                        "id": "/properties/data/items/properties/endDate",
                        "type": "object"
                    },
                    "id": {
                        "id": "/properties/data/items/properties/id",
                        "type": "integer"
                    },
                    "isEstimated": {
                        "id": "/properties/data/items/properties/isEstimated",
                        "type": "boolean"
                    },
                    "lastUpdatedUTC": {
                        "id": "/properties/data/items/properties/lastUpdatedUTC",
                        "type": "string"
                    },
                    "link": {
                        "id": "/properties/data/items/properties/link",
                        "properties": {
                            "url": {
                                "id": "/properties/data/items/properties/link/properties/url",
                                "type": "string"
                            }
                        },
                        "type": "object"
                    },
                    "location": {
                        "id": "/properties/data/items/properties/location",
                        "type": "object"
                    },
                    "speakers": {
                        "id": "/properties/data/items/properties/speakers",
                        "items": {},
                        "type": "array"
                    },
                    "startDate": {
                        "id": "/properties/data/items/properties/startDate",
                        "properties": {
                            "date": {
                                "id": "/properties/data/items/properties/startDate/properties/date",
                                "type": "string"
                            },
                            "dateUTC": {
                                "id": "/properties/data/items/properties/startDate/properties/dateUTC",
                                "type": "string"
                            },
                            "timezone": {
                                "id": "/properties/data/items/properties/startDate/properties/timezone",
                                "properties": {
                                    "code": {
                                        "id": "/properties/data/items/properties/startDate/properties/timezone/properties/code",
                                        "type": "string"
                                    },
                                    "name": {
                                        "id": "/properties/data/items/properties/startDate/properties/timezone/properties/name",
                                        "type": "string"
                                    }
                                },
                                "type": "object"
                            }
                        },
                        "type": "object"
                    },
                    "summary": {
                        "id": "/properties/data/items/properties/summary",
                        "type": "object"
                    },
                    "supportingMaterials": {
                        "id": "/properties/data/items/properties/supportingMaterials",
                        "items": {},
                        "type": "array"
                    },
                    "thumbnail": {
                        "id": "/properties/data/items/properties/thumbnail",
                        "type": "object"
                    },
                    "title": {
                        "id": "/properties/data/items/properties/title",
                        "type": "string"
                    },
                    "type": {
                        "id": "/properties/data/items/properties/type",
                        "properties": {
                            "id": {
                                "id": "/properties/data/items/properties/type/properties/id",
                                "type": "integer"
                            },
                            "title": {
                                "id": "/properties/data/items/properties/type/properties/title",
                                "type": "string"
                            }
                        },
                        "type": "object"
                    },
                    "webCast": {
                        "id": "/properties/data/items/properties/webCast",
                        "properties": {},
                        "type": "object"
                    }
                },
                "type": "object"
            },
            "type": "array"
        },
        "error": {
            "id": "/properties/error",
            "type": "object"
        },
        "links": {
            "id": "/properties/links",
            "properties": {
                "first": {
                    "id": "/properties/links/properties/first",
                    "type": "string"
                },
                "last": {
                    "id": "/properties/links/properties/last",
                    "type": "string"
                },
                "next": {
                    "id": "/properties/links/properties/next",
                    "type": "object"
                },
                "prev": {
                    "id": "/properties/links/properties/prev",
                    "type": "object"
                },
                "self": {
                    "id": "/properties/links/properties/self",
                    "type": "string"
                }
            },
            "type": "object"
        },
        "meta": {
            "id": "/properties/meta",
            "properties": {
                "cmsDomain": {
                    "id": "/properties/meta/properties/cmsDomain",
                    "type": "string"
                },
                "count": {
                    "id": "/properties/meta/properties/count",
                    "type": "integer"
                },
                "executionDate": {
                    "id": "/properties/meta/properties/executionDate",
                    "type": "string"
                }
            },
            "type": "object"
        }
    },
    "type": "object"
}