{
"type": "object",
"$schema": "http://json-schema.org/draft-04/schema",
"title": "/IRAPI endpoint",
"description": "JSON Schema for /irapi endpoint",
	"properties": {
		"result": {
			"type": "object",
				"properties": {
					"DataProviders": {
						"type": "array",
							"items": {
								"properties": {
									"ApiType": {"type": "string"},
									"ApiRoute"	: {"type": "string"}									
							},
							"additionalProperties": false,
							"required": ["ApiType", "ApiRoute"]
						}
					},
					"Clients": {
						"type": "array",
							"items": {
								"properties": {
									"ClientID": {"type": "integer"},
									"TypeOfClient": {"type": "string"},
									"LegacyID": {"type": "string"},
									"Name": {"type": "string"},
									"Products": {
										"type": ["array","null"],
											"items": {
											"properties": {
												"ProductID": {"type": "integer"},
												"IPRanges": {
													"type": "array",
														"items": {
															"properties": {
																	}
															}
												},
												"ProductDataToken": {"type": "string"},
												"Sites": {
													"type": ["array","null"],
														"items": {
														"properties": {
															"SiteID": {"type": "integer"},
															"Description": {"type": "string"},
															"IsPrimary": {"type": "boolean"},
															"APIAccessID": {"type": "string"}
														},
														"additionalProperties": false,
														"required": ["SiteID", "Description", "IsPrimary", "APIAccessID"]
												}
										}
											},
											"additionalProperties": false,
											"required": ["ProductID", "IPRanges","ProductDataToken", "Sites"]
										}
									}
								},
								"additionalProperties": false,
								"required": ["ClientID", "TypeOfClient", "LegacyID", "Name", "Products"]
					}
				}
		},
		"additionalProperties": false,
		"required": ["DataProviders", "Clients"]
		},
	"error": {
					"type": "null"     
	},
	"request": {
					"type": "object",
					"items":{
						"properties": {
							"accept": {"type": "string"},
							"clientID":{"type": "string"},
							"executionDate":{"type": "string"},
							"executionTimeMS": {"type": "integer"},
							"isIMSRequest": {"type": "boolean"},
							"queryString": {"type": "string"},
							"route": {"type": "string"},
							"session": {"type": "null"},
							"stage": {"type": "string"},
							"url": {"type": "string"},
							"ServedFromEnv":{"type": "string"},
							"version": {"type": "string"},
							"CacheBypassed":{"type": "boolean"},
							"CacheKey": {"type": "string"},
							"CacheHits": {"type": "array"}
						},
							"additionalProperties": false
						}
					
					}
	},
	"additionalProperties": false,
	"required": [ "result", "error", "request" ]
}