	{
	"type": "object",
	"$schema": "http://json-schema.org/draft-04/schema",
	"title": "Configuration/Alerts/Lists/{ListID}/{ShortName} endpoint",
	"description": "JSON Schema for Configuration/Alerts/Lists/{ListID}/{ShortName} endpoint",
		"properties": {
		"result": {
		"type":"object",
				"properties":{
						"Id": 	{"type": "integer"},
						"TemplateName": 	{"type": "string"},
						"IsActive": 	{"type": "boolean"},
						"To": 	{"type": "string"},
						"From": 	{"type": "string"},
						"Title": 	{"type": "string"},
						"Body": 	{"type": "string"}
					},
				"additionalProperties": false,
				"required":["Id", "TemplateName", "IsActive", "To", "From", "Title", "Body"]
		},
		"error": {
		"type": "null"	
			},
		"request": {
			"type": "object",
			"items": {
			"properties": {
				"accept": { "type": "string" },
				"clientID": { "type": "string" },
				"executionDate": { "type": "string" },
				"executionTimeMS": { "type": "integer" },
				"isIMSRequest": { "type": "boolean" },
				"queryString": { "type": "string" },
				"route": { "type": "string" },
				"session": { "type": "null" },
				"stage": { "type": "string" },
				"url": { "type": "string" },
				"ServedFromEnv": { "type": "string" },
				"version": { "type": "string" },
				"CacheBypassed": { "type": "boolean" },
				"CacheKey": { "type": "string" },
				"CacheHits": { "type": "array" }
				},
			"additionalProperties": false,
			"required": [
				"accept",
				"clientID",
				"executionDate",
				"executionTimeMS",
				"isIMSRequest",
				"queryString",
				"route",
				"session",
				"stage",
				"url",
				"ServedFromEnv",
				"version",
				"CacheBypassed",
				"CacheKey",
				"CacheHits"
			]
		}
	}
}
}
