	{
	"type": "object",
	"$schema": "http://json-schema.org/draft-04/schema",
	"title": "Configuration/Alerts/Lists/{ListID} endpoint",
	"description": "JSON Schema for Configuration/Alerts/Lists/{ListID} endpoint",
		"properties": {
		"result": {
		"type":"object",
			"properties":{
				"Id":{"type": "integer"},
				"Name":	{"type": "string"},
				"Enabled":	{"type": "boolean"},
				"ListLanguages":{
					"type":"array",
					"items":{
						"properties": {
							"Id": 	{"type": "integer"},
							"LangShortName": 	{"type": "string"},
							"LangLongName": 	{"type": "string"},
							"Enabled": 	{"type": "boolean"},
							"LanguageTemplates":{
								"type":"object",
								"properties" :{
									"LinkAll": 	{"type": "string"},
									"LinkPrimary": 	{"type": "string"},
									"Templates":{
									"type":"array",
									"items":{
										"properties":{
												"Id": 	{"type": "integer"},
												"Name": 	{"type": "string"},
												"IsActive": 	{"type": "boolean"},
												"Link": 	{"type": "string"}
											},
										"additionalProperties": false,
										"required":["Id", "Name", "IsActive", "Link"]
										}
									}
								},
							"additionalProperties": false,
							"required":["LinkAll", "LinkPrimary", "Templates"]
							}
							},
							"additionalProperties": false,
					"required":["Id", "LangShortName", "LangLongName", "Enabled", "LanguageTemplates"]
						}
					}
			},
			"additionalProperties": false,
			"required":["Id", "Name", "Enabled", "ListLanguages"]
		},
		"error": {
		"type": "null"	
			},
		"request": {
			"type": "object",
			"items": {
			"properties": {
				"accept": { "type": "string" },
				"clientID": { "type": "string" },
				"executionDate": { "type": "string" },
				"executionTimeMS": { "type": "integer" },
				"isIMSRequest": { "type": "boolean" },
				"queryString": { "type": "string" },
				"route": { "type": "string" },
				"session": { "type": "null" },
				"stage": { "type": "string" },
				"url": { "type": "string" },
				"ServedFromEnv": { "type": "string" },
				"version": { "type": "string" },
				"CacheBypassed": { "type": "boolean" },
				"CacheKey": { "type": "string" },
				"CacheHits": { "type": "array" }
				},
			"additionalProperties": false,
			"required": [
				"accept",
				"clientID",
				"executionDate",
				"executionTimeMS",
				"isIMSRequest",
				"queryString",
				"route",
				"session",
				"stage",
				"url",
				"ServedFromEnv",
				"version",
				"CacheBypassed",
				"CacheKey",
				"CacheHits"
			]
		}
	}
}
}
