{
"type": "object",
"$schema": "http://json-schema.org/draft-04/schema",
"title": "Configuration/Security endpoint",
"description": "JSON Schema for Configuration/Security endpoint",
	"properties": {
	"result": {
		"type": "object",
			   "properties": {
					"IBES": {"type": "string"},
					"IBES_Symbol": {"type": "string"},
					"ILX": {"type": "string"},
					"RepNo": {"type": "string"},
					"VendorID": {"type": "integer"},
					"VendorName": {"type": "string"},
					"Securities": {
						"type": "array",
						"items": {
							"properties": {
								"Symbol": {"type": "string"},
								"ExchangeID": {"type": "integer"},
								"ExchangeName": {"type": "string"},
								"ExchangeShortCode": {"type": "string"},
								"ExchangeDescription": {"type": "string"},
								"IsDefault": {"type": "boolean"},
								"DisplaySymbol": {"type": "string"},
								"SecurityClass": {"type": ["null", "string"]},
								"Cusip": {"type": ["null", "string"]},
								"FirstTradeDate": {"type": "string"},
								"AllowCalc": {"type": ["null", "boolean"]},
								"AllowLookup": {"type": ["null", "boolean"]},
								"Provider": {"type": ["null", "integer"]},
								"ProviderName": {"type": ["null", "string"]}
							},
							"additionalProperties": false,
							"required": [ "Symbol", "ExchangeID", "ExchangeName", "ExchangeShortCode", "ExchangeDescription", "IsDefault", "DisplaySymbol", "SecurityClass", "Cusip", "FirstTradeDate", "AllowCalc", "AllowLookup", "Provider", "ProviderName" ]
						}
					}
				},
				"additionalProperties": false,
				"required": [ "IBES", "IBES_Symbol", "ILX", "RepNo", "VendorID", "VendorName", "Securities" ]
	},

	"error": {
		"type": "null"	
	},
	"request": {
	"type": "object",
		"items":{
		"properties": {
						"accept": 		{"type": "string"},
						"clientID": 	{"type": "string"},
						"executionDate":{"type": "string"},
						"executionTimeMS": {"type": "integer"},
						"isIMSRequest": {"type": "boolean"},
						"queryString": 	{"type": "string"},
						"route": 		{"type": "string"},
						"session": 		{"type": "null"},
						"stage": 		{"type": "string"},
						"url": 			{"type": "string"},
						"ServedFromEnv":{"type": "string"},
						"version": 		{"type": "string"},
						"CacheBypassed":{"type": "boolean"},
						"CacheKey": 	{"type": "string"},
						"CacheHits": 	{"type": "array"},
						"siteID": 	{"type": "string"},
						"siteApiAccessToken": 	{"type": "string"},
						"sessionID": 	{"type": "string"}
					},
				"additionalProperties": false
				}
		
	}
	},
	"additionalProperties": false,
    "required": [ "result", "error", "request" ]
}
