{
	"type": "object",
    "$schema": "http://json-schema.org/draft-04/schema",
    "title": "configurationNews-schema",
    "description": "JSON Schema for configurationCore",
		"properties": {
			"result": {
				"type": "object",
                "properties": {
						"Name":		{"type": "string"},
						"AcctManagers":{
							"type": "array",
							"items" : {
								"properties" : {
										"AcctManagerName":		{"type": "string"},
										"AcctManagerEmail":		{"type": "string"},
										"Type":		{"type": "string"}
								},
								"additionalProperties": false,
								"required": ["AcctManagerName", "AcctManagerEmail", "Type"]
							}
					}
			},
			"additionalProperties": false,
			"required": ["Name", "AcctManagers"]
			},
			"error": {
            "type": "null"	
				},
			"request": {
				"type": "object",
				"items": {
                "properties": {
                    "accept": { "type": "string" },
                    "clientID": { "type": "string" },
                    "executionDate": { "type": "string" },
                    "executionTimeMS": { "type": "integer" },
                    "isIMSRequest": { "type": "boolean" },
                    "queryString": { "type": "string" },
                    "route": { "type": "string" },
                    "session": { "type": "null" },
                    "stage": { "type": "string" },
                    "url": { "type": "string" },
                    "ServedFromEnv": { "type": "string" },
                    "version": { "type": "string" },
                    "CacheBypassed": { "type": "boolean" },
                    "CacheKey": { "type": "string" },
                    "CacheHits": { "type": "array" }
					},
                "additionalProperties": false,
                "required": [
                    "accept",
                    "clientID",
                    "executionDate",
                    "executionTimeMS",
                    "isIMSRequest",
                    "queryString",
                    "route",
                    "session",
                    "stage",
                    "url",
                    "ServedFromEnv",
                    "version",
                    "CacheBypassed",
                    "CacheKey",
                    "CacheHits"
					]
				}
			}
		}
    }
