{
	"type": "object",
    "$schema": "http://json-schema.org/draft-04/schema",
    "title": "configurationNews-schema",
    "description": "JSON Schema for configurationNews",
		"properties": {
			"result": {
				"type": "object",
				"properties" : {
					"Rules" : {
						"type" : "array",
						"items" : {
					"properties": {
						"Symbol":		{"type": "string"},
						"AutoPost":		{"type": "boolean"},
						"RuleType":		{"type": "string"},
						"Pattern":		{"type": "string"},
						"WireServices":{
						"type" : "array",
						"items" : {
							"properties":{
								"ServiceName":		{"type": "string"}
							},
							"additionalProperties": false,
							"required": ["ServiceName"]
						}
						}
					},
					"additionalProperties": false,
					"required": ["Symbol", "AutoPost", "RuleType", "Pattern", "WireServices"]
					}
					}
				}	
			},
			"error": {
            "type": "null"	
				},
			"request": {
				"type": "object",
				"items": {
                "properties": {
                    "accept": { "type": "string" },
                    "clientID": { "type": "string" },
                    "executionDate": { "type": "string" },
                    "executionTimeMS": { "type": "integer" },
                    "isIMSRequest": { "type": "boolean" },
                    "queryString": { "type": "string" },
                    "route": { "type": "string" },
                    "session": { "type": "null" },
                    "stage": { "type": "string" },
                    "url": { "type": "string" },
                    "ServedFromEnv": { "type": "string" },
                    "version": { "type": "string" },
                    "CacheBypassed": { "type": "boolean" },
                    "CacheKey": { "type": "string" },
                    "CacheHits": { "type": "array" }
					},
                "additionalProperties": false,
                "required": [
                    "accept",
                    "clientID",
                    "executionDate",
                    "executionTimeMS",
                    "isIMSRequest",
                    "queryString",
                    "route",
                    "session",
                    "stage",
                    "url",
                    "ServedFromEnv",
                    "version",
                    "CacheBypassed",
                    "CacheKey",
                    "CacheHits"
					]
				}
			}
		}
    }
