{
	"type": "object",
    "$schema": "http://json-schema.org/draft-03/schema",
    "title": "latest-secFilings-schema",
    "description": "JSON Schema for Latest-secFilings",
		"properties": {
			"result": {
				"type": "object",
				"properties": {
					"SecFilings": {
					"type": "array",
						"properties": {
							"AccessionNo": {
								"type": "string"
								},
							"FormType": {
								"type": "string"									
								},
							"Description": {
								"type": "string"
								},
							"CIK": {
								"type": "string"
								},
							"Issuer": {
								"type": "string"
								},
							"DateFiled": {
								"type": "string"
								},
							"DocumentDate": {
								"type": "string"
								},
							"Pages": {
								"type": "integer"
								},
							"TocLinkSuffix": {
								"type": "string"
								},
							"HtmlLinkSuffix": {
								"type": "string"
								},
							"XlsLinkSuffix": {
								"type": "string"
								},
							"PdfLinkSuffix": {
								"type": "string"
								},
							"DocLinkSuffix": {
								"type": "string"
								},
							"XbrlLinkSuffix": {
								"type": "string"
								}
							}
						}
					}
                },
			"error": {
            "type": "null"	
				},
			"request": {
            "type": "object",
				"properties": {
								"accept": {
									"type": "string"
									},
								"clientID": {
									"type": "string"
									},
								"executionDate": {
									"type": "string"
									},
								"executionTimeMS": {
									"type": "integer"
									},
								"isIMSRequest": {
									"type": "boolean"
									},
								"queryString": {
									"type": "string"
									},
								"route": {
									"type": "string"
									},
								"session": {
									"type": "null"
									},
								"stage": {
									"type": "string"
									},
								"url": {
									"type": "string"
									},
								"ServedFromEnv": {
									"type": "string"
									},
								"version": {
									"type": "string"
									},
								"CacheBypassed": {
									"type": "boolean"
									},
								"CacheKey": {
									"type": "string"
									},
								"CacheHits": {
									"type": "array"
									}
							}
				
					}
			}
    }
