{
"type": "object",
"$schema": "http://json-schema.org/draft-04/schema",
"title": "/Configuration endpoint",
"description": "JSON Schema for /Configuration endpoint",
	"properties": {
	"result": {
				"type": "object",										
					"properties": {
						"AlertConfig": {
							"type": "object",
								"properties": {
									"AlertLists": {
										"type": "array",
											"items": {
												"properties": {
													"Id": {"type": "integer"},
													"Name": {"type": "string"},
													"Enabled": {"type": "boolean"},
													"ListLanguages": {
														"type": "array",
															"items": {
																"properties": {
																	"Id": 				{"type": "integer"},
																	"LangShortName": 	{"type": "string"},
																	"LangLongName": 	{"type": "string"},
																	"Enabled": 			{"type": "boolean"},
																	"LanguageTemplates": {
																		"type": "object",
																			"properties": {
																				  "LinkAll": 	{"type": "string"},
																				  "LinkPrimary": {"type": "string"},
																				  "Templates": {
																						"type": "array",
																							"items": {
																								"properties": {
																										  "Id": 		{"type": "integer"},
																										  "Name": 		{"type": "string"},
																										  "IsActive": 	{"type": "boolean"},
																										  "Link": 		{"type": "string"}
																										},
																										"additionalProperties": false,
																										"required": [ "Id", "Name", "IsActive", "Link" ]
																							}	
																					}
									
																			},
																			"additionalProperties": false,
																			"required": [ "LinkAll", "LinkPrimary", "Templates" ]
																	}											
																},
																"additionalProperties": false,
																"required": [ "Id", "LangShortName", "LangLongName", "Enabled", "LanguageTemplates" ]
															}
													}
												},
												"additionalProperties": false,
												"required": [ "Id", "Name", "Enabled", "ListLanguages" ]
											}	
										}
									},
									"additionalProperties": false,
									"required": [ "AlertLists" ]
						},	
						"NewsConfig": {
							"type": "object",
								"items" : {
									"properties": {
										"Rules" : {
											"type" : "array",
											"items" : {
												"properties": {
													"Symbol":		{"type": "string"},
													"AutoPost":		{"type": "boolean"},
													"RuleType":		{"type": "string"},
													"Pattern":		{"type": "string"},
													"WireServices":{
													"type" : "array",
													"items" : {
														"properties":{
															"ServiceName":		{"type": "string"}
														},
														"additionalProperties": false,
														"required": ["ServiceName"]
											}
											}
										},
										"additionalProperties": false,
										"required": ["Symbol", "AutoPost", "RuleType", "Pattern", "WireServices"]
										}
										}
									},
									"additionalProperties": false,
									"required": ["Symbol", "CompanyName", "AutoPost", "WireServices"]
								}
						},
						"CoreConfig": {
						"type": "object",
							"properties": {
								"Name":		{"type": "string"},
								"AcctManagers":{
									"type": "array",	
									"items" : {
										"properties" : {
												"AcctManagerName":		{"type": "string"},
												"AcctManagerEmail":		{"type": "string"},
												"Type":		{"type": "string"}
										},
										"additionalProperties": false,
										"required": ["AcctManagerName", "AcctManagerEmail", "Type"]
									}
								}
							},
							"additionalProperties": false,
							"required": ["Name", "AcctManagers"]
						},
						"SecurityConfig": {
							"type": "object",
								   "properties": {
										"IBES": {"type": "string"},
										"IBES_Symbol": {"type": "string"},
										"ILX": {"type": "string"},
										"RepNo": {"type": "string"},
										"VendorID": {"type": "integer"},
										"VendorName": {"type": "string"},
										"Securities": {
											"type": "array",
											"items": {
												"properties": {
													"Symbol": {"type": "string"},
													"ExchangeID": {"type": "integer"},
													"ExchangeName": {"type": "string"},
													"ExchangeShortCode": {"type": "string"},
													"ExchangeDescription": {"type": "string"},
													"IsDefault": {"type": "boolean"},
													"DisplaySymbol": {"type": "string"},
													"SecurityClass": {"type": ["null", "string"]},
													"Cusip": {"type": ["null", "string"]},
													"FirstTradeDate": {"type": "string"},
													"AllowCalc": {"type": ["null", "boolean"]},
													"AllowLookup": {"type": ["null", "boolean"]},
													"Provider": {"type": ["null", "integer"]},
													"ProviderName": {"type": ["null", "string"]}
												},
												"additionalProperties": false,
												"required": [ "Symbol", "ExchangeID", "ExchangeName", "ExchangeShortCode", "ExchangeDescription", "IsDefault", "DisplaySymbol", "SecurityClass", "Cusip", "FirstTradeDate", "AllowCalc", "AllowLookup", "Provider", "ProviderName" ]
											}
										}
									},
									"additionalProperties": false,
									"required": [ "IBES", "IBES_Symbol", "ILX", "RepNo", "VendorID", "VendorName", "Securities" ]
						}						
					},
					"additionalProperties": false,
					"required": [ "AlertConfig", "NewsConfig", "CoreConfig", "SecurityConfig" ]	
										
			},

	"error": {
					"type": "null"     
	},
	"request": {
					"type": "object",
					"items":{
							"properties": {
											"accept":                             {"type": "string"},
											"clientID":           {"type": "string"},
											"executionDate":{"type": "string"},
											"executionTimeMS": {"type": "integer"},
											"isIMSRequest": {"type": "boolean"},
											"queryString":   {"type": "string"},
											"route":                               {"type": "string"},
											"session":                            {"type": "null"},
											"stage":                                {"type": "string"},
											"url":                                     {"type": "string"},
											"ServedFromEnv":{"type": "string"},
											"version":                            {"type": "string"},
											"CacheBypassed":{"type": "boolean"},
											"CacheKey":       {"type": "string"},
											"CacheHits":       {"type": "array"}
										},
											"additionalProperties": false
							}
					
					}
	},
	"additionalProperties": false,
	"required": [ "result", "error", "request" ]
}
