{
	"type": "object",
    "$schema": "http://json-schema.org/draft-04/schema",
    "title": "estimates_Actuals-schema",
    "description": "JSON Schema for estimates_Actuals",
		"properties": {
			"result": {
				"type": "object",
                "properties": {
						"FCEarningsActuals": {
							"type": "object",
							"properties": {
									"lineItem":{
											"type": "array",
											"items":{
												"properties": {
														"@measure":		{"type": "string"},
														"@periodType": 	{"type": "string"},
														"@quarter": 	{"type": "string"},
														"@date":		{"type": "string"},
														"Reported": 	{"type": "string"},
														"SuprisePercent": 	{"type": "string"},
														"MeanEstimate": 	{"type": "string"}
													},
													"dependencies":{
														"SuprisePercent":["MeanEstimate"]
													},
													"additionalProperties": false,
													"required": ["@measure", "@periodType", "@quarter", "@date", "Reported"]
												}
										}
								},
								"additionalProperties": false,
								"required": ["lineItem"]
							}	
					},
					"additionalProperties": false,
					"required": ["FCEarningsActuals"]
            },
			"error": {
            "type": "null"	
				},
			"request": {
				"type": "object",
				"items": {
                "properties": {
                    "accept": { "type": "string" },
                    "clientID": { "type": "string" },
                    "executionDate": { "type": "string" },
                    "executionTimeMS": { "type": "integer" },
                    "isIMSRequest": { "type": "boolean" },
                    "queryString": { "type": "string" },
                    "route": { "type": "string" },
                    "session": { "type": "null" },
                    "stage": { "type": "string" },
                    "url": { "type": "string" },
                    "ServedFromEnv": { "type": "string" },
                    "version": { "type": "string" },
                    "CacheBypassed": { "type": "boolean" },
                    "CacheKey": { "type": "string" },
                    "CacheHits": { "type": "array" }
					},
                "additionalProperties": false,
                "required": [
                    "accept",
                    "clientID",
                    "executionDate",
                    "executionTimeMS",
                    "isIMSRequest",
                    "queryString",
                    "route",
                    "session",
                    "stage",
                    "url",
                    "ServedFromEnv",
                    "version",
                    "CacheBypassed",
                    "CacheKey",
                    "CacheHits"
					]
				}
			}
		}
    }
