{
	"type": "object",
    "$schema": "http://json-schema.org/draft-04/schema",
    "title": "estimates_GrowthAndPERatios-schema",
    "description": "JSON Schema for estimates_GrowthAndPERatios",
		"properties": {
			"result": {
				"type": "object",
                "properties": {
						"FCEarningsEstimatesIndustryRelative": {
							"type": "object",
							"properties": {
									"GrowthRates":{
											"type": "object",
											"properties": {
													"GrowthRate":{
															"type": "array",
															"items":{
																"properties": {
																	"@Start":	{"type": "string"},
																	"@End": 	{"type": "string"},
																	"Company": 	{"type": "string"},
																	"Industry": {"type": "string"},
																	"Relative": {"type": ["string", "null"]}
																},
																"additionalProperties": false,
																"required": ["@Start", "@End", "Company", "Industry", "Relative" ]
															}
														}
												},
												"additionalProperties": false,
												"required": ["GrowthRate"]
										},
									"PERatios":{
											"type": "object",
											"properties": {
													"PERatio":{
															"type": "array",
															"items":{
																"properties": {
																	"@Type":	{"type": "string"},
																	"@EndDate": {"type": "string"},
																	"@Start": 	{"type": "string"},
																	"Company": 	{"type": "string"},
																	"Industry": {"type": "string"},
																	"Relative": {"type": ["string", "null"]}
																},
																"additionalProperties": false,
																"required": ["@Type", "@EndDate", "@Start", "Company", "Industry", "Relative" ]
															}
														}
												},
												"additionalProperties": false,
												"required": ["PERatio"]
										}
									},
									"additionalProperties": false,
									"required": ["GrowthRates", "PERatios"]
							}
						}
            },
			"error": {
            "type": "null"	
				},
			"request": {
				"type": "object",
				"items": {
                "properties": {
                    "accept": { "type": "string" },
                    "clientID": { "type": "string" },
                    "executionDate": { "type": "string" },
                    "executionTimeMS": { "type": "integer" },
                    "isIMSRequest": { "type": "boolean" },
                    "queryString": { "type": "string" },
                    "route": { "type": "string" },
                    "session": { "type": "null" },
                    "stage": { "type": "string" },
                    "url": { "type": "string" },
                    "ServedFromEnv": { "type": "string" },
                    "version": { "type": "string" },
                    "CacheBypassed": { "type": "boolean" },
                    "CacheKey": { "type": "string" },
                    "CacheHits": { "type": "array" }
					},
                "additionalProperties": false,
                "required": [
                    "accept",
                    "clientID",
                    "executionDate",
                    "executionTimeMS",
                    "isIMSRequest",
                    "queryString",
                    "route",
                    "session",
                    "stage",
                    "url",
                    "ServedFromEnv",
                    "version",
                    "CacheBypassed",
                    "CacheKey",
                    "CacheHits"
					]
				}
			}
		}
    }
