{
	"type": "object",
    "$schema": "http://json-schema.org/draft-04/schema",
    "title": "estimates_StockInfo-schema",
    "description": "JSON Schema for estimates_StockInfo",
		"properties": {
			"result": {
				"type": "object",
                        "properties": {
							"FCEarningsEstimatesQuote": {
							"type": "object",
								"properties": {
									"CompanyName": 					{"type": "string"},
									"CountryName": 					{"type": "string"},
									"SectorName": 					{"type": "string"},
									"Currency": 					{"type": "string"},
									"PrevClose": 					{"type": "string"},
									"FiftyTwoWeekHigh": 			{"type": "string"},
									"FiftyTwoWeekLow": 				{"type": "string"},
									"QuoteDate": 					{"type": "string"},
									"ExchangeName": 				{"type": "string"},
									"ExchangeRate": 				{"type": "string"},
									"ExchangeRateToUSD": 			{"type": "string"},
									"Beta": 						{"type": "string"},
									"MedianPriceTarget": 			{"type": "string"},
									"MarketCap": 					{"type": "string"},
									"SharesOutstanding": 			{"type": "string"},
									"ConsensusRecommendation": 		{"type": "string"},
									"ConsensusRecommendationNumber":{"type": "string"},
									"DiffFromPrevClose": 			{"type": "string"},
									"PercentDifference": 			{"type": "string"},
									"CompanySymbol": 				{"type": "string"}
									},
								"additionalProperties": false,
								"required": ["CompanyName", "CountryName", "SectorName", "Currency", 
										 "PrevClose","FiftyTwoWeekHigh", "FiftyTwoWeekLow", "QuoteDate", 
										 "ExchangeName", "ExchangeRate", "ExchangeRateToUSD", "Beta", 
										 "MedianPriceTarget","MarketCap", "SharesOutstanding", 
										 "ConsensusRecommendation", "ConsensusRecommendationNumber", 
										 "DiffFromPrevClose", "PercentDifference", "CompanySymbol"]
							}
						}
            },
			"error": {
            "type": "null"	
				},
			"request": {
				"type": "object",
				"items": {
                "properties": {
                    "accept": { "type": "string" },
                    "clientID": { "type": "string" },
                    "executionDate": { "type": "string" },
                    "executionTimeMS": { "type": "integer" },
                    "isIMSRequest": { "type": "boolean" },
                    "queryString": { "type": "string" },
                    "route": { "type": "string" },
                    "session": { "type": "null" },
                    "stage": { "type": "string" },
                    "url": { "type": "string" },
                    "ServedFromEnv": { "type": "string" },
                    "version": { "type": "string" },
                    "CacheBypassed": { "type": "boolean" },
                    "CacheKey": { "type": "string" },
                    "CacheHits": { "type": "array" }
					},
                "additionalProperties": false,
                "required": [
                    "accept",
                    "clientID",
                    "executionDate",
                    "executionTimeMS",
                    "isIMSRequest",
                    "queryString",
                    "route",
                    "session",
                    "stage",
                    "url",
                    "ServedFromEnv",
                    "version",
                    "CacheBypassed",
                    "CacheKey",
                    "CacheHits"
					]
				}
			}
		}
    }
