{
	"type": "object",
    "$schema": "http://json-schema.org/draft-04/schema",
    "title": "estimates_Forecasts-schema",
    "description": "JSON Schema for estimates_Forecasts",
		"properties": {
			"result": {
				"type": "object",
                "properties": {
						"FCEarningsEstimatesForecastInformation": {
							"type": "object",
							"properties": {
									"Measure":{
											"type": "array",
											"items":{
												"properties": {
														"@measure":	{"type": "string"},
														"lineItem":{
															"type": "array",
															"items":{
																"properties": {
																		"@measure": 	{"type": "string"},
																		"@periodType": 	{"type": "string"},
																		"@date": 		{"type": "string"},
																		"@quarter": 	{"type": "string"},
																		"Mean": 		{"type": "string"},
																		"High": 		{"type": "string"},
																		"Low": 			{"type": "string"},
																		"Median": 		{"type": "string"},
																		"StdDev": 		{"type": "string"},
																		"CV": 			{"type": "string"},
																		"NumEstimates": {"type": "string"},
																		"NumUp": 		{"type": "string"},
																		"NumDown": 		{"type": "string"},
																		"MeanPctChange":{"type": "string"}
																	},
																"additionalProperties": false,
																"required": ["@measure", "@periodType", "@quarter", "Mean", "High",
																			 "Low", "Median", "StdDev", "CV", "NumEstimates", "NumUp", 
																			 "NumDown", "MeanPctChange"]
																}
															}
													},
												"additionalProperties": false,
												"required": ["@measure", "lineItem"]
											}
										}
								},
							"additionalProperties": false,
							"required": ["Measure"]
						}
					},
					"additionalProperties": false,
					"required": ["FCEarningsEstimatesForecastInformation"]
            },
			"error": {
            "type": "null"	
				},
			"request": {
				"type": "object",
				"items": {
                "properties": {
                    "accept": { "type": "string" },
                    "clientID": { "type": "string" },
                    "executionDate": { "type": "string" },
                    "executionTimeMS": { "type": "integer" },
                    "isIMSRequest": { "type": "boolean" },
                    "queryString": { "type": "string" },
                    "route": { "type": "string" },
                    "session": { "type": "null" },
                    "stage": { "type": "string" },
                    "url": { "type": "string" },
                    "ServedFromEnv": { "type": "string" },
                    "version": { "type": "string" },
                    "CacheBypassed": { "type": "boolean" },
                    "CacheKey": { "type": "string" },
                    "CacheHits": { "type": "array" }
					},
                "additionalProperties": false,
                "required": [
                    "accept",
                    "clientID",
                    "executionDate",
                    "executionTimeMS",
                    "isIMSRequest",
                    "queryString",
                    "route",
                    "session",
                    "stage",
                    "url",
                    "ServedFromEnv",
                    "version",
                    "CacheBypassed",
                    "CacheKey",
                    "CacheHits"
					]
				}
			}
		}
    }
