	{
		"type": "object",
		"$schema": "http://json-schema.org/draft-04/schema",
		"title": "estimates_Reference-schema",
		"description": "JSON Schema for estimates_Reference",
			"properties": {
				"result": {
					"type": "object",
					"properties": {
							"FCEarningsEstimatesReferenceInformation": {
								"type": "object",
								"properties": {
										"lineItem":{
												"type": "array",
												"items":{
													"properties": {
															"@measure":	{"type": "string"},
															"LastActual": 	{"type": "string"},
															"EndDate": 	{"type": "string"},
															"IndividualAnnualDividend": 	{"type": "string"},
															"Historical5yrGrowthPct": 	{"type": "string"},
															"Historical5yrStabilityPct": 	{"type": "string"},
															"YieldPct": 	{"type": "string"}
														},
													"dependencies": {
															"IndividualAnnualDividend": [ "Historical5yrGrowthPct", "Historical5yrStabilityPct", "YieldPct" ]
														},
													"additionalProperties": false,
													"required": ["@measure", "LastActual", "EndDate" ]
													}
											}
									},
									"additionalProperties": false,
									"required": ["lineItem"]
								}	
						},
						"additionalProperties": false,
						"required": ["FCEarningsEstimatesReferenceInformation"]
				},
				"error": {
				"type": "null"	
					},
				"request": {
					"type": "object",
					"items": {
					"properties": {
						"accept": { "type": "string" },
						"clientID": { "type": "string" },
						"executionDate": { "type": "string" },
						"executionTimeMS": { "type": "integer" },
						"isIMSRequest": { "type": "boolean" },
						"queryString": { "type": "string" },
						"route": { "type": "string" },
						"session": { "type": "null" },
						"stage": { "type": "string" },
						"url": { "type": "string" },
						"ServedFromEnv": { "type": "string" },
						"version": { "type": "string" },
						"CacheBypassed": { "type": "boolean" },
						"CacheKey": { "type": "string" },
						"CacheHits": { "type": "array" }
						},
					"additionalProperties": false,
					"required": [
						"accept",
						"clientID",
						"executionDate",
						"executionTimeMS",
						"isIMSRequest",
						"queryString",
						"route",
						"session",
						"stage",
						"url",
						"ServedFromEnv",
						"version",
						"CacheBypassed",
						"CacheKey",
						"CacheHits"
						]
					}
				}
			}
		}
