{
	"type": "object",
    "$schema": "http://json-schema.org/draft-03/schema",
    "title": "session-schema",
    "description": "JSON Schema for Session",
		"properties": {
			"result": {
				"type": "object",
				"properties": {
						"expires": {
							"type": "string",
							"required": true
							},
						"token": {
							"type": "string",
							"required": true							
							}
						},
					"additionalProperties": false
                },
			"error": {
				"type": "null"	
				},
			"request": {
				"type": "object",
				"items":{
				"properties": {
								"accept": {
									"type": "string",
									"required": true
									},
								"clientID": {
									"type": "string",
									"required": true
									},
								"executionDate": {
									"type": "string",
									"required": true
									},
								"executionTimeMS": {
									"type": "integer",
									"required": true
									},
								"isIMSRequest": {
									"type": "boolean",
									"required": true
									},
								"queryString": {
									"type": "string",
									"required": true
									},
								"route": {
									"type": "string",
									"required": true
									},
								"session": {
									"type": "null",
									"required": true
									},
								"stage": {
									"type": "string",
									"required": true
									},
								"url": {
									"type": "string",
									"required": true
									},
								"ServedFromEnv": {
									"type": "string",
									"required": true
									},
								"version": {
									"type": "string",
									"required": true
									},
								"CacheBypassed": {
									"type": "boolean",
									"required": true
									},
								"CacheKey": {
									"type": "string",
									"required": true
									},
								"CacheHits": {
									"type": "array",
									"required": true
									}
							},
						"additionalProperties": false
						}
				
					}
			}
    }
