{
	"type": "object",
    "$schema": "http://json-schema.org/draft-04/schema",
    "title": "dividendsAndSplits-schema",
    "description": "JSON Schema for DividendsAndSplits",
		"properties": {
			"result": {
				"type": "object",
                "properties": {
					"DividendsAndSplits": {
					"type": "array",
					"items":{
							"properties": {
								"ResultType": 			{"type": "string"},
								"ID": 					{"type": "integer"},
								"Symbol": 				{"type": "string"},
								"DeclaredDate": 		{"type": ["null", "string"]},
								"ExDividendDate": 		{"type": ["null", "string"]},
								"RecordDate": 			{"type": ["null", "string"]},
								"PayableDate": 			{"type": ["null", "string"]},
								"Amount": 				{"type": ["null", "string"]},
								"Code": 				{"type": "string"},
								"EffectiveDate": 		{"type": ["null", "string"]},
								"SplitAdjustmentFactor":{"type": ["null", "string"]},
								"SplitRatioNumerator": 	{"type": "string"},
								"SplitRatioDenominator":{"type": "string"},
								"DateLastUpdated": 		{"type": "string"}
								},
							"additionalProperties": false,
							"required": [ 
											"ResultType",
											"ID",
											"Symbol",
											"DeclaredDate",
											"ExDividendDate",
											"RecordDate",	
											"PayableDate",
											"Amount",
											"Code",
											"EffectiveDate",
											"SplitAdjustmentFactor",
											"SplitRatioNumerator",
											"SplitRatioDenominator",
											"DateLastUpdated"]
							}
						}
					}
            },
			"error": {
				"type": "null"	
				},
			"request": {
				"type": "object",
				"items":{
				"properties": {
								"accept": 		{"type": "string"},
								"clientID": 	{"type": "string"},
								"executionDate":{"type": "string"},
								"executionTimeMS": {"type": "integer"},
								"isIMSRequest": {"type": "boolean"},
								"queryString": 	{"type": "string"},
								"route": 		{"type": "string"},
								"session": 		{"type": "null"},
								"stage": 		{"type": "string"},
								"url": 			{"type": "string"},
								"ServedFromEnv":{"type": "string"},
								"version": 		{"type": "string"},
								"CacheBypassed":{"type": "boolean"},
								"CacheKey": 	{"type": "string"},
								"CacheHits": 	{"type": "array"}
							},
						"additionalProperties": false
						}
				
					}
			}
    }
