{
	"type": "object",
    "$schema": "http://json-schema.org/draft-04/schema",
    "title": "dividends-schema",
    "description": "JSON Schema for Dividends",
		"properties": {
			"result": {
				"type": "object",
                "properties": {
					"Dividends": {
					"type": "array",
					"items":{
							"properties": {
								"DeclaredDate": 	{"type": "string"},
								"ExDividendDate": 	{"type": "string"},
								"RecordDate": 		{"type": "string"},
								"PayableDate": 		{"type": ["null", "string"]},
								"Amount": 			{"type": "string"},
								"DividendType": 	{"type": "string"}
								},
							"additionalProperties": false,
							"required": [ 
											"DeclaredDate",
											"ExDividendDate",
											"RecordDate",
											"PayableDate",
											"Amount",
											"DividendType"	]
							}
						}
					}
            },
			"error": {
				"type": "null"	
				},
			"request": {
				"type": "object",
				"items":{
				"properties": {
								"accept": 		{"type": "string"},
								"clientID": 	{"type": "string"},
								"executionDate":{"type": "string"},
								"executionTimeMS": {"type": "integer"},
								"isIMSRequest": {"type": "boolean"},
								"queryString": 	{"type": "string"},
								"route": 		{"type": "string"},
								"session": 		{"type": "null"},
								"stage": 		{"type": "string"},
								"url": 			{"type": "string"},
								"ServedFromEnv":{"type": "string"},
								"version": 		{"type": "string"},
								"CacheBypassed":{"type": "boolean"},
								"CacheKey": 	{"type": "string"},
								"CacheHits": 	{"type": "array"}
							},
						"additionalProperties": false
						}
				
					}
			}
    }
