{
	"type": "object",
    "$schema": "http://json-schema.org/draft-04/schema",
    "title": "latest-News-schema",
    "description": "JSON Schema for latest-News",
		"properties": {
			"result": {
				"type": "object",
                "properties": {
					"News": {
					"type": "array",
					"items":{
							"properties": {
								"Id": 			{"type": "string"},
								"Title": 		{"type": "string"},
								"release_date": 	{
									"type": "object",
									"properties" : {
										"date"		:	{"type":"string"},
										"timezone"	:	{"type":"string"}	
									},
								"additionalProperties": false,
								"required": ["date", "timezone"]
								},
								"ReleaseTypeDesc": 		{"type": "string"},
								"AutoPost": 	{"type": "boolean"},
								"IsThirdPartyHosted": 	{"type": "boolean"},
								"Language": 	{"type": "string"},
								"Content":		{"type": "string"},
								"AvailableFromDate":	{"type": "string"},
								"AvailableToDate":		{"type": "string"},
								"DateLastUpdated":		{"type": "string"}
								},
							"additionalProperties": false,
							"required": [ 
											"Id",
											"Title",
											"release_date",
											"ReleaseTypeDesc",
											"AutoPost",
											"IsThirdPartyHosted",
											"Language",
											"Content",
											"AvailableFromDate",
											"AvailableToDate",
											"DateLastUpdated"	]
							}
						}
					}
            },
			"error": {
				"type": "null"	
				},
			"request": {
				"type": "object",
				"items":{
				"properties": {
								"accept": 		{"type": "string"},
								"clientID": 	{"type": "string"},
								"executionDate":{"type": "string"},
								"executionTimeMS": {"type": "integer"},
								"isIMSRequest": {"type": "boolean"},
								"queryString": 	{"type": "string"},
								"route": 		{"type": "string"},
								"session": 		{"type": "null"},
								"stage": 		{"type": "string"},
								"url": 			{"type": "string"},
								"ServedFromEnv":{"type": "string"},
								"version": 		{"type": "string"},
								"CacheBypassed":{"type": "boolean"},
								"CacheKey": 	{"type": "string"},
								"CacheHits": 	{"type": "array"}
							},
						"additionalProperties": false
						}
				
					}
			}
    }
