{
	"type": "object",
    "$schema": "http://json-schema.org/draft-04/schema",
    "title": "post_subscription-schema",
    "description": "JSON Schema for Alerts Subscription",
		"properties": {
				 "result": {
					"type": "object",
					"properties": {
							"Events": {
								"type": "object",
								"properties": {
										"Event": {
											"type": "object",
											"properties": {
													"element": {
														"type": "array",
														"items":{
														"properties": {
																"EndDate": 		{"type": ["null", "string"]},
																"EndTime": 		{"type": ["null", "string"]},
																"EventType": 	{"type": "string"},
																"Id": 			{"type": "string"},
																"IsEstimate": 	{"type": "string"},
																"IsReplay": 	{"type": "string"},
																"Location":{
																	"type": "object",
																	"properties": {
																			"Address1": {"type": ["null", "string"]},
																			"City": 	{"type": ["null", "string"]},
																			"Contacts": {
																				"type": "object",	
																				"properties": {
																						"Contact":{ 
																							"type": "object",
																							
																							"properties": {
																									"Email": {"type": ["null", "string"]},
																									"Name":  {"type": ["null", "string"]},
																									"Phone": {"type": ["null", "string"]}
																								},
																							"additionalProperties": false,
																							"required": ["Email", "Name", "Phone"]
																							
																						}
																					},
																				"additionalProperties": false,
																				"required": ["Contact"]
																				},
																			"Country": 		{"type": ["null", "string"]},
																			"LocationURL": 	{"type": ["null", "string"]},
																			"Name": 		{"type": ["null", "string"]},
																			"Notes": 		{"type": ["null", "string"]},
																			"PostalCode": 	{"type": ["null", "string"]},
																			"Room": 		{"type": ["null", "string"]},
																			"StateProvince":{"type": ["null", "string"]}
																		},
																	"additionalProperties": false,
																	"required": ["Address1", "City", "Contacts", "Country", "LocationURL",
																				 "Name", "Notes", "PostalCode", "Room", "StateProvince"]
																	},
																"Speakers": {
																	"type": "object",
																	"properties": {
																			"element": {
																				"type": ["object", "array"],
																				"items": {
																				"properties": {
																						"Company": 	{"type": "string"},
																						"Name": 	{"type": "string"},
																						"Title": 	{"type": "string"}
																					},
																				"additionalProperties": false,
																				"required": ["Company", "Name", "Title"]
																				}
																			}
																		},
																	"additionalProperties": false,
																	"required": ["element"]
																	},
																"StartDate": {"type": "string"},
																"StartTime": {"type": "string"},
																"Telco": {
																	"type": "object",
																	"properties": {
																			"Live": {
																				"type": "object",
																				"properties": {
																						"Notes": 	{"type": ["null", "string"]},
																						"Passcode": {"type": ["null", "string"]},
																						"Primary": 	{"type": ["null", "string"]},
																						"Secondary":{"type": ["null", "string"]},
																						"Url": 		{"type": ["null", "string"]}
																					},
																				"additionalProperties": false,	
																				"required": ["Notes", "Passcode", "Primary", 
																							 "Secondary", "Url"]
																				},
																			"Replay": {
																				"type": "object",
																				"properties": {
																						"Notes": 	{"type": ["null", "string"]},
																						"Passcode": {"type": ["null", "string"]},
																						"Primary": 	{"type": ["null", "string"]},
																						"Secondary":{"type": ["null", "string"]},
																						"Url": 		{"type": ["null", "string"]}
																					},
																				"additionalProperties": false,
																				"required": ["Notes", "Passcode", "Primary", 
																							 "Secondary", "Url"]	
																				}
																		},
																	"additionalProperties": false,
																	"required": ["Live", "Replay"]
																	},
																"Title": 		{"type": "string"},
																"WebcastURL": 	{"type": ["null", "string"]}
															},
														"additionalProperties": false,
														"required": ["EndDate", "EndTime", "EventType", "Id", "IsEstimate", 
																	 "IsReplay", "Location", "Speakers", "StartDate", 
																	 "StartTime", "Telco", "Title", "WebcastURL"]
															}
														}
												}
											}
									}
								}
							}
					},
				"error": {
						"type": "null"	
						},
				"request": {
					"type": "object",
					"items":{
					"properties": {
								"accept": 		{"type": "string"},
								"clientID": 	{"type": "string"},
								"executionDate":{"type": "string"},
								"executionTimeMS": {"type": "integer"},
								"isIMSRequest": {"type": "boolean"},
								"queryString": 	{"type": "string"},
								"route": 		{"type": "string"},
								"session": 		{"type": "null"},
								"stage": 		{"type": "string"},
								"url": 			{"type": "string"},
								"ServedFromEnv":{"type": "string"},
								"version": 		{"type": "string"},
								"CacheBypassed":{"type": "boolean"},
								"CacheKey": 	{"type": "string"},
								"CacheHits": 	{"type": "array"}
							},
						"additionalProperties": false
						}
				
					}
			}
    }
