{
	"type": "object",
    "$schema": "http://json-schema.org/draft-04/schema",
    "title": "splits-schema",
    "description": "JSON Schema for Splits",
		"properties": {
			"result": {
				"type": "object",
                "properties": {
					"Splits": {
					"type": "array",
					"items":{
							"properties": {
								"EffectiveDate": 	{"type": "string"},
								"SplitRatio": 		{"type": "string"},
								"DescriptionID": 	{"type": "string"},
								"Description": 		{"type": "string"}
								},
							"additionalProperties": false,
							"required": [ 
											"EffectiveDate",
											"SplitRatio",
											"DescriptionID",
											"Description"	]
							}
						}
					}
            },
			"error": {
				"type": "null"	
				},
			"request": {
				"type": "object",
				"items":{
				"properties": {
								"accept": 		{"type": "string"},
								"clientID": 	{"type": "string"},
								"executionDate":{"type": "string"},
								"executionTimeMS": {"type": "integer"},
								"isIMSRequest": {"type": "boolean"},
								"queryString": 	{"type": "string"},
								"route": 		{"type": "string"},
								"session": 		{"type": "null"},
								"stage": 		{"type": "string"},
								"url": 			{"type": "string"},
								"ServedFromEnv":{"type": "string"},
								"version": 		{"type": "string"},
								"CacheBypassed":{"type": "boolean"},
								"CacheKey": 	{"type": "string"},
								"CacheHits": 	{"type": "array"}
							},
						"additionalProperties": false
						}
				
					}
			}
    }
