{
	"type": "object",
    "$schema": "http://json-schema.org/draft-03/schema",
    "title": "quotes-schema",
    "description": "JSON Schema for Quotes",
		"properties": {
			"result": {
				"type": "object",
                        "properties": {
							"Quotes": {
							"type": "array",
							"items":{
								"properties": {
									"DisplaySymbol": {
										"type": "string",
										"required": true
										},
									"Identifier": {
										"type": "string",
										"required": true										
										},
									"Exchange": {
										"type": "string",
										"required": true
										},
									"Trade": {
										"type": "string",
										"required": true
										},
									"Date": {
										"type": "string",
										"required": true
										},
									"Change": {
										"type": "string",
										"required": true
										},
									"Bid": {
										"type": "string",
										"required": true
										},
									"BidSize": {
										"type": "string",
										"required": true
										},
									"Ask": {
										"type": "string",
										"required": true
										},
									"AskSize": {
										"type": "string",
										"required": true
										},
									"High": {
										"type": "string",
										"required": true
										},
									"Low": {
										"type": "string",
										"required": true
										},
									"Volume": {
										"type": "string",
										"required": true
										},
									"Open": {
										"type": "string",
										"required": true
										},
									"PreviousClose": {
										"type": "string",
										"required": true
										},
									"High52Week": {
										"type": "string",
										"required": true
										},
									"High52WeekDate": {
										"type": "string",
										"required": true
										},
									"Low52Week": {
										"type": "string",
										"required": true
										},
									"Low52WeekDate": {
										"type": "string",
										"required": true
										},
									"PERatio": {
										"type": "string",
										"required": true
										},
									"MarketCap": {
										"type": "string",
										"required": true
										},
									"SharesOutstanding": {
										"type": "string",
										"required": true
										},
									"RollingEPS": {
										"type": "string",
										"required": true
										},
									"IsDefault": {
										"type": "string",
										"required": true
										},
									"IsIndex": {
										"type": "string",
										"required": true
										},
									"Class": {
										"type": "string",
										"required": true
										}
									},
								"additionalProperties": false
								}
							}
						}
            },
			"error": {
            "type": "null"	
				},
			"request": {
            "type": "object",
				"items":{
				"properties": {
								"accept": {
									"type": "string",
									"required": true
									},
								"clientID": {
									"type": "string",
									"required": true
									},
								"executionDate": {
									"type": "string",
									"required": true
									},
								"executionTimeMS": {
									"type": "integer",
									"required": true
									},
								"isIMSRequest": {
									"type": "boolean",
									"required": true
									},
								"queryString": {
									"type": "string",
									"required": true
									},
								"route": {
									"type": "string",
									"required": true
									},
								"session": {
									"type": "null",
									"required": true
									},
								"stage": {
									"type": "string",
									"required": true
									},
								"url": {
									"type": "string",
									"required": true
									},
								"ServedFromEnv": {
									"type": "string",
									"required": true
									},
								"version": {
									"type": "string",
									"required": true
									},
								"CacheBypassed": {
									"type": "boolean",
									"required": true
									},
								"CacheKey": {
									"type": "string",
									"required": true
									},
								"CacheHits": {
									"type": "array",
									"required": true
									}
							},
						"additionalProperties": false
						}
				
					}
			}
    }
