{
	"type": "object",
    "$schema": "http://json-schema.org/draft-04/schema",
    "title": "OwnershipByRegion-schema",
    "description": "JSON Schema for OwnershipByRegion",
		"properties": {
			"result": {
				"type": "object",
                "properties": {
						"OwnershipByRegion": {
										"type": ["object","null"],
										"properties": {
													"lineItem":{
															"type": "object",
															"properties":{
																	"@name": {"type": "string"},
																	"Location":{
																			"type": "array",
																			"items": {
																			"properties":{
																					"Region": 			{"type": "string"},
																					"NumberHolders": 	{"type": "string"},
																					"PercentOS": 		{"type": "string"},
																					"TotalShares": 		{"type": "string"},
																					"ShareChange": 		{"type": "string"}
																				},
																			"additionalProperties": false,
																			"required": ["Region","NumberHolders","PercentOS","TotalShares","ShareChange"]
																			}
																		}
																},
																"additionalProperties": false,
																"required": ["@name", "Location"]
														}
											}
								}
						}
				},
			"error": {
            "type": "null"	
				},
			"request": {
				"type": "object",
				"items": {
					"properties": {
						"accept": { "type": "string" },
						"clientID": { "type": "string" },
						"executionDate": { "type": "string" },
						"executionTimeMS": { "type": "integer" },
						"isIMSRequest": { "type": "boolean" },
						"queryString": { "type": "string" },
						"route": { "type": "string" },
						"session": { "type": "null" },
						"stage": { "type": "string" },
						"url": { "type": "string" },
						"ServedFromEnv": { "type": "string" },
						"version": { "type": "string" },
						"CacheBypassed": { "type": "boolean" },
						"CacheKey": { "type": "string" },
						"CacheHits": { "type": "array" }
					},
					"additionalProperties": false,
					"required": ["accept","clientID","executionDate","executionTimeMS","isIMSRequest",
								"queryString","route","session","stage","url","ServedFromEnv","version",
								"CacheBypassed","CacheKey","CacheHits"	]
					}
				}
		}
    }
