{
	"type": "object",
    "$schema": "http://json-schema.org/draft-04/schema",
    "title": "OwnershipTopInstitutions-schema",
    "description": "JSON Schema for OwnershipTopInstitutions",
		"properties": {
			"result": {
				"type": "object",
                 "properties": {
						"OwnershipTopInstitutions":{
						"type": ["object","null"],
						"properties":{
								"lineItem": {"type": "array"},
								"items":{
									"properties": {
											"@name": {"type": "string"},
											"Holder": {
												"type": "array",
												"items": {
												"properties": {
													"instid": {"type": "string"},
													"Name": {"type": "string"},
													"Rank": {"type": "string"},
													"Share": {"type": "string"},
													"ShareChange": {"type": "string"},
													"PercentageOwnership": {"type": "string"},
													"Turnover": {"type": "string"},
													"Style": {"type": "string"},
													"StyleHelp": {"type": "string"},
													"Type": {"type": "string"},
													"FilingDate": {"type": "string"}
												},
												"additionalProperties": false,
												"required": ["instid", "Name", "Rank", "Share", "ShareChange", "PercentageOwnership", "Turnover", "Style", "StyleHelp", "Type", "FilingDate"]
											}
											}
										},
										"additionalProperties": false,
										"required": ["@name", "Holder"]
									},
									"properties":{
									"type":"object",
									"properties":{
											"@name": {"type": "string"},
											"NumberHolders": {"type": "string"},
											"TopSharesHeld": {"type": "string"},
											"Percentage": {"type": "string"},
											"TotalSharesHeld": {"type": "string"}
										},
									"additionalProperties": false,
									"required": ["@name", "NumberHolders", "TopSharesHeld", "Percentage", "TotalSharesHeld"]
									}
									}
									}
							}
					},
				"error": {
				"type": "null"	
					},
				"request": {
					"type": "object",
					"items": {
					"properties": {
						"accept": { "type": "string" },
						"clientID": { "type": "string" },
						"executionDate": { "type": "string" },
						"executionTimeMS": { "type": "integer" },
						"isIMSRequest": { "type": "boolean" },
						"queryString": { "type": "string" },
						"route": { "type": "string" },
						"session": { "type": "null" },
						"stage": { "type": "string" },
						"url": { "type": "string" },
						"ServedFromEnv": { "type": "string" },
						"version": { "type": "string" },
						"CacheBypassed": { "type": "boolean" },
						"CacheKey": { "type": "string" },
						"CacheHits": { "type": "array" }
						},
					"additionalProperties": false,
					"required": [
						"accept",
						"clientID",
						"executionDate",
						"executionTimeMS",
						"isIMSRequest",
						"queryString",
						"route",
						"session",
						"stage",
						"url",
						"ServedFromEnv",
						"version",
						"CacheBypassed",
						"CacheKey",
						"CacheHits"
					]
		}
	}
}
}
