{
"type": "object",
"$schema": "http://json-schema.org/draft-04/schema",
"title": "Ownership/ShareholderBreakdown endpoint",
"description": "JSON Schema for Ownership/ShareholderBreakdown endpoint",
	"properties": {
	"result": {
				"type": "object",										
					"properties": {
						"OwnershipShareholderBreakdown": {
							"type": ["object","null"],
								"properties": {
									"lineItem": {
										"type": "array",
											"items": {
												"properties": {
													"@name": {"type": "string"},
													"Label": {"type": "string"},
													"NumberOfHolders": {"type": "string"},
													"Value": {"type": "string"},
													"PercentageOwnership": {"type": "string"},
													"Shares": {"type": "string"}
												},
												"additionalProperties": false,
												"required": [ "@name", "Label", "NumberOfHolders", "Value", "PercentageOwnership", "Shares" ]
												}											
									}
												
								},
								"additionalProperties": false,
								"required": [ "lineItem" ]
						}
						
					},
					"additionalProperties": false,
					"required": [ "OwnershipShareholderBreakdown" ]	
										
				},

	"error": {
					"type": "null"     
	},
	"request": {
					"type": "object",
					"items":{
							"properties": {
											"accept":                             {"type": "string"},
											"clientID":           {"type": "string"},
											"executionDate":{"type": "string"},
											"executionTimeMS": {"type": "integer"},
											"isIMSRequest": {"type": "boolean"},
											"queryString":   {"type": "string"},
											"route":                               {"type": "string"},
											"session":                            {"type": "null"},
											"stage":                                {"type": "string"},
											"url":                                     {"type": "string"},
											"ServedFromEnv":{"type": "string"},
											"version":                            {"type": "string"},
											"CacheBypassed":{"type": "boolean"},
											"CacheKey":       {"type": "string"},
											"CacheHits":       {"type": "array"}
										},
											"additionalProperties": false
							}
					
					}
	},
	"additionalProperties": false,
	"required": [ "result", "error", "request" ]
}
