{
    "type": "object",
    "$schema": "http://json-schema.org/draft-04/schema",
    "title": "OwnershipInvestorStyles-schema",
    "description": "JSON Schema for OwnershipInvestorStyles",
    "properties": {
        "result": {
            "type": "object",
            "properties": {
                "OwnershipInvestorStyles": {
                    "type": ["object","null"],
                    "properties": {
                        "lineItem": {
                            "type": "array",
                            "items": {
                                "properties": {
                                    "@name": { "type": "string" },
                                    "@subStyle": { "type": "string" },
                                    "Label": { "type": "string" },
                                    "Value": { "type": "string" },
                                    "NumberOfHolders": { "type": "string" },
                                    "PercentageOwnership": { "type": "string" },
                                    "Shares": { "type": "string" },
                                    "subItems": {
                                        "type": "object",
                                        "properties": {
                                            "subItem": {
                                                "type": "array",
                                                "items": {
                                                    "properties": {
                                                        "@subStyle": { "type": "string" },
                                                        "@name": { "type": "string" },
                                                        "Label": { "type": "string" },
                                                        "HelpId": { "type": "string" },
                                                        "NumberOfHolders": { "type": "string" },
                                                        "Value": { "type": "string" },
                                                        "PercentageOwnership": { "type": "string" },
                                                        "Shares": { "type": "string" }
                                                    },
                                                    "additionalProperties": false,
                                                    "required": [
                                                        "@subStyle",
                                                        "@name",
                                                        "Label",
                                                        "HelpId",
                                                        "NumberOfHolders",
                                                        "Value",
                                                        "PercentageOwnership",
                                                        "Shares"
                                                    ]
                                                }
                                            }
                                        },
                                        "additionalProperties": false,
                                        "required": [ "subItem" ]
                                    }
                                },
                                "dependencies": {
                                    "@subStyle": [ "subItems" ]
                                },
                                "additionalProperties": false,
                                "required": [
                                    "@name",
                                    "Label",
                                    "Value",
                                    "NumberOfHolders",
                                    "PercentageOwnership",
                                    "Shares"
                                ]
                            }
                        }
                    },
                    "additionalProperties": false,
                    "required": [ "lineItem" ]
                }
            },
            "additionalProperties": false,
            "required": [ "OwnershipInvestorStyles" ]
        },
        "error": {
            "type": "null"
        },
        "request": {
            "type": "object",
            "items": {
                "properties": {
                    "accept": { "type": "string" },
                    "clientID": { "type": "string" },
                    "executionDate": { "type": "string" },
                    "executionTimeMS": { "type": "integer" },
                    "isIMSRequest": { "type": "boolean" },
                    "queryString": { "type": "string" },
                    "route": { "type": "string" },
                    "session": { "type": "null" },
                    "stage": { "type": "string" },
                    "url": { "type": "string" },
                    "ServedFromEnv": { "type": "string" },
                    "version": { "type": "string" },
                    "CacheBypassed": { "type": "boolean" },
                    "CacheKey": { "type": "string" },
                    "CacheHits": { "type": "array" }
                },
                "additionalProperties": false,
                "required": [
                    "accept",
                    "clientID",
                    "executionDate",
                    "executionTimeMS",
                    "isIMSRequest",
                    "queryString",
                    "route",
                    "session",
                    "stage",
                    "url",
                    "ServedFromEnv",
                    "version",
                    "CacheBypassed",
                    "CacheKey",
                    "CacheHits"
                ]
            }
        }
    }
}