{
	"Subscriber": {
					"Email": "Madhu3.sri2@nasdaq.com"
					},
	"BaseURL":"http://google.com",
	"Alerts": [
				{
					"ListId": 3,
					"ListLanguages": [
									{
										"ShortName": "de",
										"Enabled": true
									},
									{
										"ShortName": "cs",
										"Enabled": true
									} 
									]
				},
				{
					"ListId": 2,
					"ListLanguages": [
									{
										"ShortName": "en",
										"Enabled": true
									}
									]
				}
			]
 }